Timestamp,Machine ID,Operator ID,Engine Hours,Fuel Used (L),Load Cycles,Idling Time (min),Seatbelt Status,Safety Alert Triggered,Energy Used (kWh),Working Time (min),Powered Time (min)
2025-05-01 08:00:00,BH001,OP1011,2212.5,12.6,17,24,fastened,No,,96,120
2025-05-01 08:00:00,BH002,OP1012,3107.0,13.5,23,15,fastened,No,,105,120
2025-05-01 08:00:00,DZ001,OP1009,4404.3,32.6,4,30,fastened,No,,90,120
2025-05-01 08:00:00,DZ002,OP1010,9312.8,33.8,3,27,fastened,No,,93,120
2025-05-01 08:00:00,EXC001,OP1001,1525.5,8.1,11,25,fastened,No,,95,120
2025-05-01 08:00:00,EXC002,OP1002,6414.0,24.5,9,25,fastened,No,,90,120
2025-05-01 08:00:00,EXC003,OP1012,3892.4,25.2,12,25,fastened,No,,95,120
2025-05-01 08:00:00,EXC004,OP1004,414.7,,18,17,fastened,No,0.0,103,120
2025-05-01 08:00:00,EXC005,OP1013,290.1,,12,29,fastened,No,0.0,91,120
2025-05-01 08:00:00,EXC006,OP1006,8122.9,22.8,12,34,fastened,Yes,,86,120
2025-05-01 08:00:00,WL001,OP1007,5232.2,19.5,29,49,fastened,No,,71,120
2025-05-01 08:00:00,WL002,OP1008,7013.6,23.2,39,32,fastened,No,,88,120
2025-05-01 10:00:00,BH001,OP1011,2214.5,8.9,8,57,fastened,Yes,,51,120
2025-05-01 10:00:00,BH002,OP1012,3109.0,12.5,12,25,fastened,No,,95,120
2025-05-01 10:00:00,DZ001,OP1009,4406.3,36.9,6,12,fastened,No,,100,120
2025-05-01 10:00:00,DZ002,OP1010,9314.8,32.8,1,28,fastened,No,,88,120
2025-05-01 10:00:00,EXC001,OP1001,1527.5,7.7,9,25,fastened,No,,85,120
2025-05-01 10:00:00,EXC002,OP1002,6416.0,20.9,5,44,fastened,Yes,,72,120
2025-05-01 10:00:00,EXC003,OP1012,3894.4,24.2,12,22,fastened,No,,87,120
2025-05-01 10:00:00,EXC004,OP1004,416.5,,10,12,fastened,No,32.5,84,107
2025-05-01 10:00:00,EXC005,OP1013,292.1,,8,20,fastened,No,0.0,94,120
2025-05-01 10:00:00,EXC006,OP1006,8124.9,25.2,12,17,fastened,No,,94,120
2025-05-01 10:00:00,WL001,OP1007,5234.2,21.3,20,38,fastened,No,,78,120
2025-05-01 10:00:00,WL002,OP1008,7015.6,19.8,19,42,fastened,No,,66,120
2025-05-01 12:00:00,BH001,OP1011,2215.8,7.0,9,23,fastened,No,,52,75
2025-05-01 12:00:00,BH002,OP1012,3110.2,7.7,5,15,fastened,No,,53,75
2025-05-01 12:00:00,DZ001,OP1009,4407.6,24.4,2,7,fastened,No,,68,75
2025-05-01 12:00:00,DZ002,OP1010,9316.0,24.5,3,6,fastened,No,,69,75
2025-05-01 12:00:00,EXC001,OP1001,1528.6,4.9,10,9,fastened,No,,58,67
2025-05-01 12:00:00,EXC002,OP1002,6417.2,14.2,3,17,fastened,No,,50,75
2025-05-01 12:00:00,EXC003,OP1012,3895.6,15.8,8,14,fastened,No,,61,75
2025-05-01 12:00:00,EXC004,OP1004,417.2,,2,15,fastened,No,179.5,26,44
2025-05-01 12:00:00,EXC005,OP1013,293.4,,13,14,fastened,No,30.0,61,75
2025-05-01 12:00:00,EXC006,OP1006,8126.2,12.8,8,28,fastened,No,,47,75
2025-05-01 12:00:00,WL001,OP1007,5235.4,10.9,18,37,fastened,No,,38,75
2025-05-01 12:00:00,WL002,OP1008,7016.8,13.8,18,24,fastened,No,,51,75
2025-05-01 14:00:00,BH001,OP1011,2217.8,13.8,21,8,fastened,Yes,,102,120
2025-05-01 14:00:00,BH002,OP1012,3111.1,4.9,9,12,fastened,No,,37,49
2025-05-01 14:00:00,DZ001,OP1009,4409.0,25.7,4,15,fastened,No,,72,87
2025-05-01 14:00:00,DZ002,OP1010,9318.0,37.5,4,12,fastened,No,,102,120
2025-05-01 14:00:00,EXC001,OP1001,1530.4,7.4,12,21,fastened,No,,85,106
2025-05-01 14:00:00,EXC002,OP1002,6419.2,20.4,10,47,fastened,No,,73,120
2025-05-01 14:00:00,EXC003,OP1012,3897.2,17.2,12,26,fastened,No,,64,90
2025-05-01 14:00:00,EXC004,OP1004,419.2,,7,17,fastened,No,0.0,92,120
2025-05-01 14:00:00,EXC005,OP1013,295.0,,10,4,fastened,No,0.0,88,98
2025-05-01 14:00:00,EXC006,OP1006,8128.2,23.3,7,26,fastened,No,,85,120
2025-05-01 14:00:00,WL001,OP1007,5237.4,25.5,32,19,unfastened,Yes,,95,120
2025-05-01 14:00:00,WL002,OP1008,7018.8,24.7,35,21,fastened,No,,92,120
2025-05-01 16:00:00,BH001,OP1011,2218.8,6.4,8,12,fastened,No,,48,60
2025-05-01 16:00:00,BH002,OP1012,3111.1,0.0,0,0,fastened,No,,0,0
2025-05-01 16:00:00,DZ001,OP1009,4409.0,0.0,0,0,fastened,No,,0,0
2025-05-01 16:00:00,DZ002,OP1010,9318.7,11.9,3,8,fastened,No,,32,40
2025-05-01 16:00:00,EXC001,OP1001,1530.4,0.0,0,0,fastened,No,,0,0
2025-05-01 16:00:00,EXC002,OP1002,6420.2,9.7,4,25,fastened,No,,35,60
2025-05-01 16:00:00,EXC003,OP1012,3897.2,0.0,0,0,fastened,No,,0,0
2025-05-01 16:00:00,EXC004,OP1004,420.0,,8,4,fastened,No,25.0,43,50
2025-05-01 16:00:00,EXC005,OP1013,295.0,,0,0,fastened,No,0.0,0,0
2025-05-01 16:00:00,EXC006,OP1006,8129.2,11.3,6,18,fastened,No,,42,60
2025-05-01 16:00:00,WL001,OP1007,5238.4,10.8,15,18,fastened,No,,36,60
2025-05-01 16:00:00,WL002,OP1008,7019.8,11.4,12,18,fastened,No,,42,60
2025-05-02 08:00:00,BH001,OP1011,2220.8,13.4,21,17,fastened,No,,103,120
2025-05-02 08:00:00,BH002,OP1012,3113.1,12.4,16,25,fastened,No,,95,120
2025-05-02 08:00:00,DZ001,OP1009,4411.0,29.2,6,42,fastened,Yes,,78,120
2025-05-02 08:00:00,DZ002,OP1010,9320.7,32.3,3,32,fastened,No,,88,120
2025-05-02 08:00:00,EXC001,OP1001,1532.4,8.2,15,24,fastened,No,,96,120
2025-05-02 08:00:00,EXC002,OP1007,6422.2,23.5,8,32,fastened,No,,88,120
2025-05-02 08:00:00,EXC003,OP1003,3899.2,24.2,14,28,fastened,No,,92,120
2025-05-02 08:00:00,EXC004,OP1014,422.0,,8,32,fastened,No,0.0,88,120
2025-05-02 08:00:00,EXC005,OP1005,297.0,,9,64,unfastened,Yes,0.0,56,120
2025-05-02 08:00:00,EXC006,OP1015,8131.2,25.3,11,23,fastened,Yes,,97,120
2025-05-02 08:00:00,WL001,OP1007,5240.4,19.2,24,52,fastened,No,,68,120
2025-05-02 08:00:00,WL002,OP1008,7021.8,20.5,34,46,fastened,No,,74,120
2025-05-02 10:00:00,BH001,OP1011,2222.8,13.5,19,13,fastened,No,,102,120
2025-05-02 10:00:00,BH002,OP1012,3115.1,12.0,11,32,fastened,No,,88,120
2025-05-02 10:00:00,DZ001,OP1009,4413.0,32.8,5,23,fastened,No,,85,120
2025-05-02 10:00:00,DZ002,OP1010,9322.7,36.8,5,20,fastened,Yes,,95,120
2025-05-02 10:00:00,EXC001,OP1001,1534.4,8.9,17,8,fastened,No,,101,120
2025-05-02 10:00:00,EXC002,OP1007,6424.2,24.4,12,21,fastened,No,,89,120
2025-05-02 10:00:00,EXC003,OP1003,3901.2,20.0,14,48,fastened,No,,72,120
2025-05-02 10:00:00,EXC004,OP1014,424.0,,8,25,fastened,No,0.0,85,120
2025-05-02 10:00:00,EXC005,OP1005,299.0,,12,16,fastened,No,0.0,93,120
2025-05-02 10:00:00,EXC006,OP1015,8133.2,20.1,11,48,unfastened,No,,72,120
2025-05-02 10:00:00,WL001,OP1007,5242.4,20.6,31,43,fastened,No,,72,120
2025-05-02 10:00:00,WL002,OP1008,7023.8,25.8,35,17,fastened,No,,95,120
2025-05-02 12:00:00,BH001,OP1011,2224.0,7.5,3,19,fastened,No,,56,75
2025-05-02 12:00:00,BH002,OP1012,3116.3,8.2,7,7,fastened,No,,56,75
2025-05-02 12:00:00,DZ001,OP1009,4414.2,23.1,5,11,fastened,No,,64,75
2025-05-02 12:00:00,DZ002,OP1010,9324.0,23.0,4,11,fastened,No,,64,75
2025-05-02 12:00:00,EXC001,OP1001,1535.6,5.1,7,16,fastened,No,,59,75
2025-05-02 12:00:00,EXC002,OP1007,6425.5,17.1,7,8,fastened,No,,67,75
2025-05-02 12:00:00,EXC003,OP1003,3902.4,12.1,8,33,fastened,No,,42,75
2025-05-02 12:00:00,EXC004,OP1014,424.6,,5,0,fastened,No,212.5,25,31
2025-05-02 12:00:00,EXC005,OP1005,300.2,,15,15,fastened,No,29.7,60,75
2025-05-02 12:00:00,EXC006,OP1015,8134.4,16.3,8,8,fastened,No,,62,75
2025-05-02 12:00:00,WL001,OP1007,5243.7,12.7,15,28,fastened,No,,47,75
2025-05-02 12:00:00,WL002,OP1008,7025.1,13.9,16,24,fastened,No,,51,75
2025-05-02 14:00:00,BH001,OP1011,2225.5,5.1,1,59,fastened,Yes,,29,88
2025-05-02 14:00:00,BH002,OP1012,3118.0,10.9,12,15,fastened,No,,85,100
2025-05-02 14:00:00,DZ001,OP1009,4416.2,34.2,8,24,fastened,No,,91,120
2025-05-02 14:00:00,DZ002,OP1010,9325.7,29.5,1,24,fastened,No,,81,105
2025-05-02 14:00:00,EXC001,OP1001,1537.4,7.7,13,18,fastened,No,,90,108
2025-05-02 14:00:00,EXC002,OP1007,6427.5,24.8,10,25,fastened,No,,95,120
2025-05-02 14:00:00,EXC003,OP1003,3904.4,25.9,16,15,fastened,No,,97,120
2025-05-02 14:00:00,EXC004,OP1014,426.1,,4,39,fastened,No,0.0,53,92
2025-05-02 14:00:00,EXC005,OP1005,301.7,,12,11,fastened,No,0.0,76,87
2025-05-02 14:00:00,EXC006,OP1015,8136.4,25.1,11,24,fastened,No,,96,120
2025-05-02 14:00:00,WL001,OP1007,5245.7,23.4,36,32,unfastened,Yes,,88,120
2025-05-02 14:00:00,WL002,OP1008,7027.1,24.9,53,20,fastened,No,,90,120
2025-05-02 16:00:00,BH001,OP1011,2225.5,0.0,0,0,fastened,No,,0,0
2025-05-02 16:00:00,BH002,OP1012,3118.0,0.0,0,0,fastened,No,,0,0
2025-05-02 16:00:00,DZ001,OP1009,4417.2,17.9,4,11,fastened,No,,49,60
2025-05-02 16:00:00,DZ002,OP1010,9325.7,0.0,0,0,fastened,No,,0,0
2025-05-02 16:00:00,EXC001,OP1001,1537.4,0.0,0,0,fastened,No,,0,0
2025-05-02 16:00:00,EXC002,OP1007,6428.5,10.6,2,14,fastened,No,,35,60
2025-05-02 16:00:00,EXC003,OP1003,3905.4,14.9,6,0,fastened,No,,60,60
2025-05-02 16:00:00,EXC004,OP1014,426.1,,0,0,fastened,No,0.0,0,0
2025-05-02 16:00:00,EXC005,OP1005,301.7,,0,0,fastened,No,0.0,0,0
2025-05-02 16:00:00,EXC006,OP1015,8137.4,13.1,5,9,fastened,No,,51,60
2025-05-02 16:00:00,WL001,OP1007,5246.7,12.8,20,11,unfastened,No,,49,60
2025-05-02 16:00:00,WL002,OP1008,7028.1,10.1,19,24,fastened,No,,36,60
2025-05-03 08:00:00,BH001,OP1011,2227.5,11.5,12,36,fastened,No,,84,120
2025-05-03 08:00:00,BH002,OP1012,3120.0,12.0,11,31,fastened,No,,89,120
2025-05-03 08:00:00,DZ001,OP1009,4419.2,36.5,1,17,fastened,No,,103,120
2025-05-03 08:00:00,DZ002,OP1010,9327.7,33.4,5,26,fastened,No,,94,120
2025-05-03 08:00:00,EXC001,OP1001,1539.4,7.9,16,31,fastened,No,,89,120
2025-05-03 08:00:00,EXC002,OP1001,6430.5,22.2,10,38,fastened,No,,82,120
2025-05-03 08:00:00,EXC003,OP1003,3907.4,24.1,12,28,fastened,No,,92,120
2025-05-03 08:00:00,EXC004,OP1004,428.1,,15,52,fastened,Yes,0.0,68,120
2025-05-03 08:00:00,EXC005,OP1005,303.7,,15,15,fastened,No,0.0,105,120
2025-05-03 08:00:00,EXC006,OP1006,8139.4,23.0,8,34,fastened,No,,86,120
2025-05-03 08:00:00,WL001,OP1007,5248.7,18.0,26,57,fastened,No,,63,120
2025-05-03 08:00:00,WL002,OP1008,7030.1,21.9,28,38,fastened,Yes,,82,120
2025-05-03 10:00:00,BH001,OP1011,2229.5,13.7,10,10,fastened,No,,100,120
2025-05-03 10:00:00,BH002,OP1012,3122.0,11.9,8,31,fastened,No,,89,120
2025-05-03 10:00:00,DZ001,OP1009,4421.2,38.5,5,6,fastened,No,,106,120
2025-05-03 10:00:00,DZ002,OP1010,9329.7,33.8,2,29,fastened,No,,91,120
2025-05-03 10:00:00,EXC001,OP1001,1541.4,8.9,16,8,fastened,No,,104,120
2025-05-03 10:00:00,EXC002,OP1001,6432.5,22.4,12,29,fastened,No,,79,120
2025-05-03 10:00:00,EXC003,OP1003,3909.4,25.3,11,22,fastened,No,,98,120
2025-05-03 10:00:00,EXC004,OP1004,430.1,,16,17,fastened,No,0.0,95,120
2025-05-03 10:00:00,EXC005,OP1005,305.7,,11,22,fastened,Yes,0.0,92,120
2025-05-03 10:00:00,EXC006,OP1006,8141.4,24.9,9,19,fastened,No,,93,120
2025-05-03 10:00:00,WL001,OP1007,5250.7,24.0,28,29,fastened,No,,91,120
2025-05-03 10:00:00,WL002,OP1008,7032.1,25.1,28,20,fastened,No,,89,120
2025-05-03 12:00:00,BH001,OP1011,2230.7,8.8,11,7,fastened,No,,68,75
2025-05-03 12:00:00,BH002,OP1012,3123.2,5.4,2,37,fastened,Yes,,31,75
2025-05-03 12:00:00,DZ001,OP1009,4422.5,19.8,2,21,fastened,No,,54,75
2025-05-03 12:00:00,DZ002,OP1010,9331.0,18.4,0,21,fastened,No,,47,75
2025-05-03 12:00:00,EXC001,OP1001,1542.7,4.6,8,17,fastened,No,,48,75
2025-05-03 12:00:00,EXC002,OP1001,6433.8,16.4,4,12,fastened,No,,63,75
2025-05-03 12:00:00,EXC003,OP1003,3910.6,14.3,4,15,fastened,No,,48,75
2025-05-03 12:00:00,EXC004,OP1004,430.6,,3,0,fastened,No,212.2,25,31
2025-05-03 12:00:00,EXC005,OP1005,306.9,,6,12,fastened,No,30.0,52,75
2025-05-03 12:00:00,EXC006,OP1006,8142.6,14.8,5,19,fastened,No,,56,75
2025-05-03 12:00:00,WL001,OP1007,5252.0,14.6,17,17,fastened,No,,54,75
2025-05-03 12:00:00,WL002,OP1008,7033.4,11.5,20,34,fastened,No,,38,75
2025-05-03 14:00:00,BH001,OP1011,2231.6,5.5,5,14,fastened,No,,41,55
2025-05-03 14:00:00,BH002,OP1012,3123.9,4.7,2,2,fastened,No,,38,40
2025-05-03 14:00:00,DZ001,OP1009,4423.2,13.0,4,3,fastened,No,,37,40
2025-05-03 14:00:00,DZ002,OP1010,9333.0,31.0,2,37,fastened,No,,83,120
2025-05-03 14:00:00,EXC001,OP1001,1544.7,8.2,9,25,fastened,No,,95,120
2025-05-03 14:00:00,EXC002,OP1001,6435.8,25.4,9,16,fastened,No,,92,120
2025-05-03 14:00:00,EXC003,OP1003,3911.3,7.4,4,13,fastened,No,,27,40
2025-05-03 14:00:00,EXC004,OP1004,431.3,,3,8,fastened,No,0.0,32,40
2025-05-03 14:00:00,EXC005,OP1005,308.9,,21,20,fastened,No,0.0,100,120
2025-05-03 14:00:00,EXC006,OP1006,8144.6,23.9,9,25,fastened,No,,86,120
2025-05-03 14:00:00,WL001,OP1007,5254.0,23.5,28,32,unfastened,Yes,,88,120
2025-05-03 14:00:00,WL002,OP1008,7035.4,23.6,31,30,fastened,No,,89,120
2025-05-03 16:00:00,BH001,OP1011,2231.6,0.0,0,0,fastened,No,,0,0
2025-05-03 16:00:00,BH002,OP1012,3124.9,7.1,10,5,fastened,No,,55,60
2025-05-03 16:00:00,DZ001,OP1009,4423.4,4.0,0,0,fastened,No,,11,11
2025-05-03 16:00:00,DZ002,OP1010,9333.4,7.6,0,4,fastened,No,,21,25
2025-05-03 16:00:00,EXC001,OP1001,1545.7,4.6,9,3,fastened,No,,57,60
2025-05-03 16:00:00,EXC002,OP1001,6436.8,12.4,7,12,fastened,No,,48,60
2025-05-03 16:00:00,EXC003,OP1003,3912.3,13.6,10,8,fastened,No,,52,60
2025-05-03 16:00:00,EXC004,OP1004,432.3,,3,22,fastened,No,0.0,38,60
2025-05-03 16:00:00,EXC005,OP1005,309.3,,5,0,fastened,No,24.7,20,23
2025-05-03 16:00:00,EXC006,OP1006,8145.6,12.8,14,10,fastened,No,,50,60
2025-05-03 16:00:00,WL001,OP1007,5255.0,7.9,11,31,unfastened,Yes,,24,60
2025-05-03 16:00:00,WL002,OP1008,7036.2,7.6,11,22,fastened,No,,27,49
2025-05-05 08:00:00,BH001,OP1011,2233.6,12.6,16,24,fastened,No,,96,120
2025-05-05 08:00:00,BH002,OP1012,3126.9,13.2,21,18,fastened,No,,102,120
2025-05-05 08:00:00,DZ001,OP1009,4425.4,35.5,7,23,fastened,No,,97,120
2025-05-05 08:00:00,DZ002,OP1010,9335.4,36.0,4,18,fastened,No,,98,120
2025-05-05 08:00:00,EXC002,OP1002,6438.8,22.5,10,36,fastened,No,,84,120
2025-05-05 08:00:00,EXC003,OP1003,3914.3,25.8,10,21,fastened,No,,99,120
2025-05-05 08:00:00,EXC004,OP1004,434.3,,15,18,fastened,No,0.0,102,120
2025-05-05 08:00:00,EXC005,OP1005,311.3,,13,16,fastened,No,0.0,104,120
2025-05-05 08:00:00,EXC006,OP1006,8147.6,24.0,11,30,fastened,No,,90,120
2025-05-05 08:00:00,WL001,OP1007,5257.0,22.2,34,39,unfastened,Yes,,81,120
2025-05-05 08:00:00,WL002,OP1008,7038.2,22.0,31,39,fastened,No,,81,120
2025-05-05 10:00:00,BH001,OP1011,2235.6,13.1,18,16,fastened,No,,95,120
2025-05-05 10:00:00,BH002,OP1012,3128.9,14.2,15,2,fastened,No,,106,120
2025-05-05 10:00:00,DZ001,OP1009,4427.4,34.9,3,16,fastened,No,,92,120
2025-05-05 10:00:00,DZ002,OP1010,9337.4,34.1,3,24,fastened,No,,94,120
2025-05-05 10:00:00,EXC002,OP1002,6440.8,24.1,7,25,fastened,No,,90,120
2025-05-05 10:00:00,EXC003,OP1003,3916.3,24.5,13,20,fastened,No,,88,120
2025-05-05 10:00:00,EXC004,OP1004,436.3,,10,34,fastened,Yes,0.0,77,120
2025-05-05 10:00:00,EXC005,OP1005,313.3,,15,3,fastened,No,0.0,112,120
2025-05-05 10:00:00,EXC006,OP1006,8149.6,25.7,9,19,fastened,No,,97,120
2025-05-05 10:00:00,WL001,OP1007,5259.0,20.0,22,42,fastened,No,,66,120
2025-05-05 10:00:00,WL002,OP1008,7040.2,24.3,39,26,fastened,No,,94,120
2025-05-05 12:00:00,BH001,OP1011,2236.9,6.9,5,24,fastened,Yes,,51,75
2025-05-05 12:00:00,BH002,OP1012,3130.2,7.9,13,12,fastened,No,,51,75
2025-05-05 12:00:00,DZ001,OP1009,4428.6,22.4,4,13,fastened,No,,62,75
2025-05-05 12:00:00,DZ002,OP1010,9338.6,24.4,2,0,fastened,No,,64,75
2025-05-05 12:00:00,EXC002,OP1002,6442.0,14.3,5,22,fastened,No,,53,75
2025-05-05 12:00:00,EXC003,OP1003,3917.6,16.5,9,12,fastened,No,,63,75
2025-05-05 12:00:00,EXC004,OP1004,436.8,,5,4,fastened,No,212.4,21,31
2025-05-05 12:00:00,EXC005,OP1005,314.6,,5,15,fastened,No,30.0,55,75
2025-05-05 12:00:00,EXC006,OP1006,8150.9,13.8,5,24,fastened,No,,51,75
2025-05-05 12:00:00,WL001,OP1007,5260.2,12.1,12,32,unfastened,Yes,,43,75
2025-05-05 12:00:00,WL002,OP1008,7041.4,15.2,20,14,fastened,No,,56,75
2025-05-05 14:00:00,BH001,OP1011,2238.9,9.9,6,46,fastened,No,,63,120
2025-05-05 14:00:00,BH002,OP1012,3132.0,13.4,24,6,fastened,No,,105,111
2025-05-05 14:00:00,DZ001,OP1009,4429.6,20.6,3,0,fastened,No,,59,59
2025-05-05 14:00:00,DZ002,OP1010,9340.6,34.3,5,24,fastened,No,,96,120
2025-05-05 14:00:00,EXC002,OP1002,6444.0,23.7,8,26,fastened,No,,88,120
2025-05-05 14:00:00,EXC003,OP1003,3919.6,26.0,11,11,fastened,No,,97,120
2025-05-05 14:00:00,EXC004,OP1004,438.8,,7,39,fastened,No,0.0,81,120
2025-05-05 14:00:00,EXC005,OP1005,316.6,,13,19,fastened,No,0.0,101,120
2025-05-05 14:00:00,EXC006,OP1006,8152.9,24.7,7,20,fastened,No,,91,120
2025-05-05 14:00:00,WL001,OP1007,5262.2,17.8,28,59,unfastened,No,,61,120
2025-05-05 14:00:00,WL002,OP1008,7043.4,21.6,28,40,unfastened,Yes,,80,120
2025-05-05 16:00:00,BH001,OP1011,2239.8,6.5,5,6,fastened,No,,50,56
2025-05-05 16:00:00,BH002,OP1012,3132.0,0.0,0,0,fastened,No,,0,0
2025-05-05 16:00:00,DZ001,OP1009,4429.6,0.0,0,0,fastened,No,,0,0
2025-05-05 16:00:00,DZ002,OP1010,9340.9,4.6,0,2,fastened,No,,13,15
2025-05-05 16:00:00,EXC002,OP1002,6445.0,14.3,7,4,fastened,No,,56,60
2025-05-05 16:00:00,EXC003,OP1003,3920.6,10.7,4,22,fastened,No,,38,60
2025-05-05 16:00:00,EXC004,OP1004,439.8,,4,15,fastened,No,0.0,45,60
2025-05-05 16:00:00,EXC005,OP1005,316.6,,0,0,fastened,No,38.0,0,3
2025-05-05 16:00:00,EXC006,OP1006,8153.9,11.2,3,18,fastened,No,,42,60
2025-05-05 16:00:00,WL001,OP1007,5263.2,8.8,12,29,fastened,No,,31,60
2025-05-05 16:00:00,WL002,OP1008,7044.4,10.6,18,21,fastened,No,,39,60
2025-05-06 08:00:00,BH001,OP1005,2241.8,13.3,15,15,fastened,No,,105,120
2025-05-06 08:00:00,BH002,OP1012,3134.0,12.1,14,27,fastened,No,,93,120
2025-05-06 08:00:00,DZ001,OP1009,4431.6,36.0,4,21,unfastened,Yes,,99,120
2025-05-06 08:00:00,DZ002,OP1010,9342.9,35.1,3,22,fastened,No,,98,120
2025-05-06 08:00:00,EXC001,OP1001,1547.7,8.0,6,27,fastened,No,,93,120
2025-05-06 08:00:00,EXC002,OP1002,6447.0,20.9,12,44,fastened,No,,76,120
2025-05-06 08:00:00,EXC003,OP1003,3922.6,24.0,9,29,unfastened,Yes,,91,120
2025-05-06 08:00:00,EXC004,OP1004,441.8,,10,18,fastened,No,0.0,102,120
2025-05-06 08:00:00,EXC005,OP1005,318.6,,13,19,fastened,No,0.0,101,120
2025-05-06 08:00:00,WL001,OP1007,5265.2,18.6,26,54,fastened,No,,66,120
2025-05-06 08:00:00,WL002,OP1008,7046.4,23.6,35,30,fastened,Yes,,90,120
2025-05-06 10:00:00,BH001,OP1005,2243.8,13.1,14,18,fastened,No,,98,120
2025-05-06 10:00:00,BH002,OP1012,3136.0,13.4,16,13,fastened,No,,99,120
2025-05-06 10:00:00,DZ001,OP1009,4433.6,32.3,5,29,fastened,No,,85,120
2025-05-06 10:00:00,DZ002,OP1010,9344.9,34.5,4,20,fastened,No,,92,120
2025-05-06 10:00:00,EXC001,OP1001,1549.7,7.8,15,27,fastened,No,,83,120
2025-05-06 10:00:00,EXC002,OP1002,6449.0,23.7,10,26,fastened,No,,88,120
2025-05-06 10:00:00,EXC003,OP1003,3924.6,17.7,6,60,fastened,Yes,,60,120
2025-05-06 10:00:00,EXC004,OP1004,443.6,,9,12,fastened,No,35.0,91,106
2025-05-06 10:00:00,EXC005,OP1005,320.6,,14,9,fastened,No,0.0,106,120
2025-05-06 10:00:00,WL001,OP1007,5267.2,19.7,23,44,fastened,No,,66,120
2025-05-06 10:00:00,WL002,OP1008,7048.4,21.1,24,44,fastened,No,,76,120
2025-05-06 12:00:00,BH001,OP1005,2245.1,7.9,7,16,fastened,No,,59,75
2025-05-06 12:00:00,BH002,OP1012,3137.2,8.1,13,13,fastened,No,,62,75
2025-05-06 12:00:00,DZ001,OP1009,4434.8,16.0,5,34,fastened,Yes,,41,75
2025-05-06 12:00:00,DZ002,OP1010,9346.1,22.1,5,13,fastened,No,,62,75
2025-05-06 12:00:00,EXC001,OP1001,1550.9,5.2,11,15,fastened,No,,60,75
2025-05-06 12:00:00,EXC002,OP1002,6450.2,13.3,4,24,fastened,No,,47,75
2025-05-06 12:00:00,EXC003,OP1003,3925.8,15.3,5,13,fastened,No,,55,75
2025-05-06 12:00:00,EXC004,OP1004,444.3,,4,15,unfastened,Yes,177.3,21,45
2025-05-06 12:00:00,EXC005,OP1005,321.4,,9,0,fastened,No,45.2,43,49
2025-05-06 12:00:00,WL001,OP1007,5268.4,13.2,14,27,fastened,No,,48,75
2025-05-06 12:00:00,WL002,OP1008,7049.7,17.3,17,4,fastened,No,,65,75
2025-05-06 14:00:00,BH001,OP1005,2247.1,14.8,12,0,fastened,Yes,,114,120
2025-05-06 14:00:00,BH002,OP1012,3139.2,12.6,18,23,fastened,No,,97,120
2025-05-06 14:00:00,DZ001,OP1009,4436.3,28.0,4,7,fastened,No,,79,86
2025-05-06 14:00:00,DZ002,OP1010,9348.1,31.2,6,35,fastened,No,,85,120
2025-05-06 14:00:00,EXC001,OP1001,1552.9,8.9,14,12,fastened,Yes,,108,120
2025-05-06 14:00:00,EXC002,OP1002,6451.8,23.5,8,4,fastened,No,,92,96
2025-05-06 14:00:00,EXC003,OP1003,3927.8,23.3,6,33,fastened,No,,87,120
2025-05-06 14:00:00,EXC004,OP1004,446.3,,10,22,fastened,No,0.0,98,120
2025-05-06 14:00:00,EXC005,OP1005,323.4,,25,12,fastened,No,0.0,104,120
2025-05-06 14:00:00,WL001,OP1007,5270.4,17.6,20,60,fastened,Yes,,60,120
2025-05-06 14:00:00,WL002,OP1008,7051.7,25.4,34,21,fastened,Yes,,99,120
2025-05-06 16:00:00,BH001,OP1005,2248.1,6.1,6,16,fastened,No,,44,60
2025-05-06 16:00:00,BH002,OP1012,3139.9,4.7,5,3,fastened,No,,37,40
2025-05-06 16:00:00,DZ001,OP1009,4436.3,0.0,0,0,fastened,No,,0,0
2025-05-06 16:00:00,DZ002,OP1010,9349.1,18.0,2,10,fastened,No,,50,60
2025-05-06 16:00:00,EXC001,OP1001,1553.8,4.1,4,4,fastened,No,,49,53
2025-05-06 16:00:00,EXC002,OP1002,6451.8,0.0,0,0,fastened,No,,0,0
2025-05-06 16:00:00,EXC003,OP1003,3928.8,12.6,6,12,fastened,No,,48,60
2025-05-06 16:00:00,EXC004,OP1004,447.3,,4,13,fastened,No,0.0,44,60
2025-05-06 16:00:00,EXC005,OP1005,324.4,,12,10,fastened,No,0.0,50,60
2025-05-06 16:00:00,WL001,OP1007,5271.4,10.5,12,20,fastened,No,,40,60
2025-05-06 16:00:00,WL002,OP1008,7052.7,12.8,15,11,fastened,No,,49,60
2025-05-07 08:00:00,BH001,OP1011,2250.1,12.6,6,25,fastened,No,,95,120
2025-05-07 08:00:00,BH002,OP1012,3141.9,12.7,9,24,fastened,No,,96,120
2025-05-07 08:00:00,DZ001,OP1009,4438.3,35.4,4,22,fastened,No,,98,120
2025-05-07 08:00:00,DZ002,OP1010,9351.1,32.1,4,32,fastened,No,,88,120
2025-05-07 08:00:00,EXC001,OP1001,1555.8,8.1,10,25,fastened,No,,95,120
2025-05-07 08:00:00,EXC003,OP1003,3930.8,23.8,7,29,fastened,No,,91,120
2025-05-07 08:00:00,EXC004,OP1004,449.3,,5,27,fastened,No,0.0,93,120
2025-05-07 08:00:00,EXC005,OP1005,326.4,,13,29,fastened,No,0.0,91,120
2025-05-07 08:00:00,EXC006,OP1006,8155.9,22.4,12,37,fastened,No,,83,120
2025-05-07 08:00:00,WL001,OP1007,5273.4,22.6,31,36,fastened,No,,84,120
2025-05-07 08:00:00,WL002,OP1008,7054.7,25.0,39,20,fastened,Yes,,93,120
2025-05-07 10:00:00,BH001,OP1011,2252.1,12.6,15,19,fastened,No,,92,120
2025-05-07 10:00:00,BH002,OP1012,3143.9,11.5,15,33,fastened,No,,80,120
2025-05-07 10:00:00,DZ001,OP1009,4440.3,31.7,5,31,fastened,No,,85,120
2025-05-07 10:00:00,DZ002,OP1010,9353.1,35.0,2,17,fastened,No,,92,120
2025-05-07 10:00:00,EXC001,OP1001,1557.8,8.6,12,17,fastened,No,,99,120
2025-05-07 10:00:00,EXC003,OP1003,3932.8,21.7,9,39,fastened,No,,81,120
2025-05-07 10:00:00,EXC004,OP1004,451.3,,4,33,fastened,No,0.0,82,120
2025-05-07 10:00:00,EXC005,OP1005,328.4,,15,8,fastened,No,0.0,106,120
2025-05-07 10:00:00,EXC006,OP1006,8157.9,24.3,13,23,fastened,No,,88,120
2025-05-07 10:00:00,WL001,OP1007,5275.4,24.4,34,22,fastened,No,,86,120
2025-05-07 10:00:00,WL002,OP1008,7056.7,15.8,15,68,fastened,Yes,,52,120
2025-05-07 12:00:00,BH001,OP1011,2253.3,7.2,6,21,fastened,No,,54,75
2025-05-07 12:00:00,BH002,OP1012,3145.2,8.2,11,11,fastened,No,,63,75
2025-05-07 12:00:00,DZ001,OP1009,4441.5,25.6,2,2,fastened,No,,73,75
2025-05-07 12:00:00,DZ002,OP1010,9354.4,22.5,4,12,fastened,No,,63,75
2025-05-07 12:00:00,EXC001,OP1001,1559.1,5.1,6,11,fastened,No,,54,75
2025-05-07 12:00:00,EXC003,OP1003,3934.1,17.5,9,0,fastened,No,,63,75
2025-05-07 12:00:00,EXC004,OP1004,451.8,,2,3,fastened,No,213.9,21,30
2025-05-07 12:00:00,EXC005,OP1005,329.7,,8,9,fastened,No,30.0,61,75
2025-05-07 12:00:00,EXC006,OP1006,8159.2,12.2,1,32,fastened,No,,43,75
2025-05-07 12:00:00,WL001,OP1007,5276.7,12.7,16,30,fastened,No,,45,75
2025-05-07 12:00:00,WL002,OP1008,7057.9,13.2,15,27,fastened,No,,48,75
2025-05-07 14:00:00,BH001,OP1011,2254.8,9.7,10,15,fastened,Yes,,76,91
2025-05-07 14:00:00,BH002,OP1012,3147.2,12.1,14,29,fastened,No,,91,120
2025-05-07 14:00:00,DZ001,OP1009,4442.2,14.8,1,2,fastened,No,,42,44
2025-05-07 14:00:00,DZ002,OP1010,9355.2,14.5,0,8,fastened,No,,41,49
2025-05-07 14:00:00,EXC001,OP1001,1561.1,8.8,18,14,fastened,No,,106,120
2025-05-07 14:00:00,EXC003,OP1003,3936.1,25.5,12,19,fastened,No,,101,120
2025-05-07 14:00:00,EXC004,OP1004,453.8,,10,11,fastened,No,0.0,109,120
2025-05-07 14:00:00,EXC005,OP1005,331.7,,18,17,unfastened,Yes,0.0,103,120
2025-05-07 14:00:00,EXC006,OP1006,8161.2,25.9,10,15,fastened,No,,97,120
2025-05-07 14:00:00,WL001,OP1007,5278.7,22.4,18,34,unfastened,Yes,,81,120
2025-05-07 14:00:00,WL002,OP1008,7059.9,22.9,33,30,unfastened,Yes,,84,120
2025-05-07 16:00:00,BH001,OP1011,2254.8,0.0,0,0,fastened,No,,0,0
2025-05-07 16:00:00,BH002,OP1012,3147.5,1.7,1,6,fastened,No,,13,19
2025-05-07 16:00:00,DZ001,OP1009,4442.2,0.0,0,0,fastened,No,,0,0
2025-05-07 16:00:00,DZ002,OP1010,9355.2,0.0,0,0,fastened,No,,0,0
2025-05-07 16:00:00,EXC001,OP1001,1562.1,4.3,9,10,fastened,No,,50,60
2025-05-07 16:00:00,EXC003,OP1003,3937.1,12.9,5,10,fastened,No,,50,60
2025-05-07 16:00:00,EXC004,OP1004,454.1,,2,0,fastened,No,0.0,16,16
2025-05-07 16:00:00,EXC005,OP1005,332.4,,5,26,unfastened,No,13.3,11,40
2025-05-07 16:00:00,EXC006,OP1006,8162.2,13.6,10,7,fastened,No,,53,60
2025-05-07 16:00:00,WL001,OP1007,5279.7,10.4,17,22,fastened,No,,38,60
2025-05-07 16:00:00,WL002,OP1008,7060.9,12.1,15,13,fastened,No,,47,60
2025-05-08 08:00:00,BH002,OP1012,3149.5,12.9,14,22,fastened,No,,98,120
2025-05-08 08:00:00,DZ001,OP1009,4444.2,33.5,4,29,fastened,No,,91,120
2025-05-08 08:00:00,DZ002,OP1010,9357.2,35.0,10,23,fastened,No,,97,120
2025-05-08 08:00:00,EXC001,OP1001,1564.1,7.6,17,34,fastened,No,,86,120
2025-05-08 08:00:00,EXC002,OP1002,6453.8,24.8,8,24,fastened,No,,96,120
2025-05-08 08:00:00,EXC003,OP1003,3939.1,21.7,12,38,fastened,No,,82,120
2025-05-08 08:00:00,EXC004,OP1014,456.1,,8,41,fastened,No,0.0,79,120
2025-05-08 08:00:00,EXC005,OP1005,334.4,,11,33,fastened,No,0.0,78,120
2025-05-08 08:00:00,EXC006,OP1006,8164.2,21.9,8,39,fastened,No,,81,120
2025-05-08 08:00:00,WL001,OP1007,5281.7,21.4,22,41,fastened,No,,79,120
2025-05-08 08:00:00,WL002,OP1008,7062.9,24.2,30,28,fastened,No,,92,120
2025-05-08 10:00:00,BH002,OP1012,3151.5,13.4,15,14,fastened,No,,102,120
2025-05-08 10:00:00,DZ001,OP1009,4446.2,34.5,1,20,fastened,No,,93,120
2025-05-08 10:00:00,DZ002,OP1010,9359.2,31.1,5,30,unfastened,Yes,,79,120
2025-05-08 10:00:00,EXC001,OP1001,1566.1,8.2,20,25,fastened,No,,94,120
2025-05-08 10:00:00,EXC002,OP1002,6455.8,25.8,14,15,fastened,No,,95,120
2025-05-08 10:00:00,EXC003,OP1003,3941.1,25.5,6,21,fastened,No,,95,120
2025-05-08 10:00:00,EXC004,OP1014,458.1,,6,23,fastened,No,0.0,87,120
2025-05-08 10:00:00,EXC005,OP1005,336.4,,18,34,fastened,No,0.0,86,120
2025-05-08 10:00:00,EXC006,OP1006,8166.2,20.1,6,40,fastened,No,,68,120
2025-05-08 10:00:00,WL001,OP1007,5283.7,22.7,29,32,fastened,No,,81,120
2025-05-08 10:00:00,WL002,OP1008,7064.9,23.3,23,27,fastened,No,,82,120
2025-05-08 12:00:00,BH002,OP1012,3152.7,6.8,5,22,fastened,No,,43,75
2025-05-08 12:00:00,DZ001,OP1009,4447.5,22.9,5,12,fastened,No,,63,75
2025-05-08 12:00:00,DZ002,OP1010,9360.4,24.4,3,8,unfastened,No,,67,75
2025-05-08 12:00:00,EXC001,OP1001,1567.3,5.4,7,9,fastened,No,,61,75
2025-05-08 12:00:00,EXC002,OP1002,6457.1,13.8,5,25,fastened,No,,50,75
2025-05-08 12:00:00,EXC003,OP1003,3942.3,17.7,4,2,fastened,No,,69,75
2025-05-08 12:00:00,EXC004,OP1014,458.6,,6,2,fastened,No,213.9,22,30
2025-05-08 12:00:00,EXC005,OP1005,337.6,,12,23,fastened,No,29.9,52,75
2025-05-08 12:00:00,EXC006,OP1006,8167.4,13.7,9,25,fastened,No,,50,75
2025-05-08 12:00:00,WL001,OP1007,5285.0,16.3,15,9,fastened,No,,58,75
2025-05-08 12:00:00,WL002,OP1008,7066.2,15.0,22,18,fastened,No,,57,75
2025-05-08 14:00:00,BH002,OP1012,3154.7,11.1,7,39,fastened,No,,80,120
2025-05-08 14:00:00,DZ001,OP1009,4449.5,36.9,7,15,fastened,No,,101,120
2025-05-08 14:00:00,DZ002,OP1010,9362.4,30.0,5,38,fastened,No,,78,120
2025-05-08 14:00:00,EXC001,OP1001,1569.0,6.9,11,18,fastened,No,,81,99
2025-05-08 14:00:00,EXC002,OP1002,6458.1,10.2,4,25,fastened,No,,37,62
2025-05-08 14:00:00,EXC003,OP1003,3944.3,25.5,16,18,fastened,Yes,,93,120
2025-05-08 14:00:00,EXC004,OP1014,460.6,,16,44,fastened,No,0.0,76,120
2025-05-08 14:00:00,EXC005,OP1005,339.6,,15,10,fastened,No,0.0,105,120
2025-05-08 14:00:00,EXC006,OP1006,8169.4,24.5,9,21,fastened,No,,90,120
2025-05-08 14:00:00,WL001,OP1007,5287.0,26.3,33,23,fastened,Yes,,97,120
2025-05-08 14:00:00,WL002,OP1008,7068.2,22.9,33,34,fastened,No,,86,120
2025-05-08 16:00:00,BH002,OP1012,3155.7,6.7,6,7,fastened,No,,53,60
2025-05-08 16:00:00,DZ001,OP1009,4450.4,16.0,1,6,fastened,No,,46,52
2025-05-08 16:00:00,DZ002,OP1010,9363.4,19.6,3,4,fastened,No,,56,60
2025-05-08 16:00:00,EXC001,OP1001,1569.0,0.0,0,0,fastened,No,,0,0
2025-05-08 16:00:00,EXC002,OP1002,6458.1,0.0,0,0,fastened,No,,0,0
2025-05-08 16:00:00,EXC003,OP1003,3945.3,14.6,10,2,fastened,No,,58,60
2025-05-08 16:00:00,EXC004,OP1014,461.6,,2,22,unfastened,No,0.0,38,60
2025-05-08 16:00:00,EXC005,OP1005,340.1,,2,8,fastened,No,0.0,20,28
2025-05-08 16:00:00,EXC006,OP1006,8170.4,11.4,5,18,fastened,No,,42,60
2025-05-08 16:00:00,WL001,OP1007,5288.0,11.8,14,16,fastened,No,,44,60
2025-05-08 16:00:00,WL002,OP1008,7068.9,7.5,8,14,fastened,No,,28,42
2025-05-09 08:00:00,BH001,OP1011,2256.8,12.9,22,18,fastened,No,,94,120
2025-05-09 08:00:00,BH002,OP1012,3157.7,12.1,18,27,fastened,No,,93,120
2025-05-09 08:00:00,DZ001,OP1009,4452.4,33.4,3,29,fastened,No,,91,120
2025-05-09 08:00:00,DZ002,OP1008,9365.4,34.7,3,25,fastened,No,,95,120
2025-05-09 08:00:00,EXC001,OP1001,1571.0,8.2,9,26,fastened,No,,94,120
2025-05-09 08:00:00,EXC002,OP1002,6460.1,19.7,11,49,fastened,No,,71,120
2025-05-09 08:00:00,EXC003,OP1003,3947.3,19.3,11,52,unfastened,Yes,,68,120
2025-05-09 08:00:00,EXC004,OP1004,463.6,,8,29,fastened,No,0.0,91,120
2025-05-09 08:00:00,EXC005,OP1005,342.1,,20,23,fastened,No,0.0,97,120
2025-05-09 08:00:00,EXC006,OP1006,8172.4,16.1,7,67,fastened,Yes,,53,120
2025-05-09 08:00:00,WL001,OP1007,5290.0,18.5,27,55,fastened,No,,65,120
2025-05-09 08:00:00,WL002,OP1008,7070.9,27.5,31,12,fastened,No,,108,120
2025-05-09 10:00:00,BH001,OP1011,2258.8,12.8,8,22,fastened,No,,96,120
2025-05-09 10:00:00,BH002,OP1012,3159.7,13.9,12,10,fastened,No,,102,120
2025-05-09 10:00:00,DZ001,OP1009,4454.4,38.8,5,7,fastened,No,,107,120
2025-05-09 10:00:00,DZ002,OP1008,9367.4,37.2,6,12,fastened,No,,100,120
2025-05-09 10:00:00,EXC001,OP1001,1573.0,7.9,10,27,fastened,No,,89,120
2025-05-09 10:00:00,EXC002,OP1002,6462.1,20.9,8,37,fastened,No,,71,120
2025-05-09 10:00:00,EXC003,OP1003,3949.3,24.1,12,28,unfastened,No,,92,120
2025-05-09 10:00:00,EXC004,OP1004,465.6,,9,27,fastened,No,0.0,93,120
2025-05-09 10:00:00,EXC005,OP1005,344.1,,14,28,fastened,No,0.0,85,120
2025-05-09 10:00:00,EXC006,OP1006,8174.4,23.0,12,28,fastened,No,,81,120
2025-05-09 10:00:00,WL001,OP1007,5292.0,17.7,20,53,fastened,No,,56,120
2025-05-09 10:00:00,WL002,OP1008,7072.9,21.7,35,36,fastened,No,,76,120
2025-05-09 12:00:00,BH001,OP1011,2259.8,6.8,9,6,fastened,No,,54,60
2025-05-09 12:00:00,BH002,OP1012,3161.0,7.8,7,15,fastened,No,,60,75
2025-05-09 12:00:00,DZ001,OP1009,4455.6,20.6,4,16,fastened,No,,54,75
2025-05-09 12:00:00,DZ002,OP1008,9368.7,24.4,2,6,fastened,No,,69,75
2025-05-09 12:00:00,EXC001,OP1001,1574.0,4.4,8,2,fastened,No,,49,60
2025-05-09 12:00:00,EXC002,OP1002,6463.1,9.3,5,27,fastened,No,,33,60
2025-05-09 12:00:00,EXC003,OP1003,3950.6,14.6,7,15,fastened,No,,50,75
2025-05-09 12:00:00,EXC004,OP1004,466.1,,3,11,fastened,No,212.4,14,31
2025-05-09 12:00:00,EXC005,OP1005,345.1,,6,6,fastened,No,30.0,54,60
2025-05-09 12:00:00,EXC006,OP1006,8175.6,16.5,2,10,fastened,No,,65,75
2025-05-09 12:00:00,WL001,OP1007,5293.0,11.7,13,16,fastened,No,,44,60
2025-05-09 12:00:00,WL002,OP1008,7074.1,15.6,12,15,fastened,No,,60,75
2025-05-09 14:00:00,BH001,OP1011,2261.6,6.0,1,67,fastened,Yes,,28,105
2025-05-09 14:00:00,BH002,OP1012,3163.0,12.6,11,22,fastened,No,,93,120
2025-05-09 14:00:00,DZ001,OP1009,4457.6,36.1,5,18,fastened,No,,99,120
2025-05-09 14:00:00,DZ002,OP1008,9370.7,36.8,9,13,fastened,No,,100,120
2025-05-09 14:00:00,EXC001,OP1001,1575.7,7.3,18,19,fastened,No,,86,105
2025-05-09 14:00:00,EXC002,OP1002,6464.9,20.3,9,30,fastened,No,,75,105
2025-05-09 14:00:00,EXC003,OP1003,3952.6,26.2,15,18,fastened,No,,102,120
2025-05-09 14:00:00,EXC004,OP1004,468.1,,14,20,fastened,No,0.0,88,120
2025-05-09 14:00:00,EXC005,OP1005,346.8,,16,15,fastened,No,0.0,84,105
2025-05-09 14:00:00,EXC006,OP1006,8177.6,23.9,6,27,fastened,No,,85,120
2025-05-09 14:00:00,WL001,OP1007,5294.7,19.3,35,29,fastened,No,,70,105
2025-05-09 14:00:00,WL002,OP1008,7076.1,22.8,31,34,fastened,No,,86,120
2025-05-09 16:00:00,BH001,OP1011,2262.6,7.0,17,6,fastened,No,,54,60
2025-05-09 16:00:00,BH002,OP1012,3164.0,7.2,9,3,fastened,No,,57,60
2025-05-09 16:00:00,DZ001,OP1009,4458.6,17.4,3,12,fastened,No,,48,60
2025-05-09 16:00:00,DZ002,OP1008,9371.5,15.6,4,5,fastened,No,,44,49
2025-05-09 16:00:00,EXC001,OP1001,1576.7,3.8,7,16,fastened,No,,44,60
2025-05-09 16:00:00,EXC002,OP1002,6465.9,11.8,4,9,fastened,No,,39,60
2025-05-09 16:00:00,EXC003,OP1003,3953.6,11.4,5,13,fastened,No,,40,60
2025-05-09 16:00:00,EXC004,OP1004,469.1,,3,8,fastened,No,0.0,52,60
2025-05-09 16:00:00,EXC005,OP1005,347.8,,5,9,fastened,No,0.0,50,60
2025-05-09 16:00:00,EXC006,OP1006,8178.6,12.5,3,9,fastened,No,,46,60
2025-05-09 16:00:00,WL001,OP1007,5295.7,7.1,8,38,fastened,No,,22,60
2025-05-09 16:00:00,WL002,OP1008,7076.2,0.7,1,0,fastened,No,,3,3
2025-05-10 08:00:00,BH001,OP1011,2264.6,14.6,9,37,fastened,No,,83,120
2025-05-10 08:00:00,BH002,OP1012,3166.0,12.4,14,27,fastened,No,,93,120
2025-05-10 08:00:00,DZ001,OP1009,4460.6,37.2,3,16,fastened,No,,104,120
2025-05-10 08:00:00,DZ002,OP1010,9373.5,34.5,5,21,fastened,No,,92,120
2025-05-10 08:00:00,EXC001,OP1001,1578.7,8.3,9,21,fastened,No,,99,120
2025-05-10 08:00:00,EXC002,OP1002,6467.9,19.9,8,49,fastened,No,,71,120
2025-05-10 08:00:00,EXC003,OP1003,3955.6,26.5,13,16,fastened,No,,104,120
2025-05-10 08:00:00,EXC004,OP1004,471.1,,20,12,fastened,No,0.0,108,120
2025-05-10 08:00:00,EXC005,OP1013,349.8,,15,21,fastened,No,0.0,87,120
2025-05-10 08:00:00,EXC006,OP1006,8180.6,22.5,8,36,fastened,No,,84,120
2025-05-10 08:00:00,WL001,OP1001,5297.7,22.5,31,34,fastened,No,,86,120
2025-05-10 08:00:00,WL002,OP1008,7078.2,27.2,45,12,fastened,No,,108,120
2025-05-10 10:00:00,BH001,OP1011,2266.6,17.7,15,13,fastened,No,,106,120
2025-05-10 10:00:00,BH002,OP1012,3168.0,13.6,14,14,fastened,No,,102,120
2025-05-10 10:00:00,DZ001,OP1009,4462.6,35.7,3,14,fastened,No,,96,120
2025-05-10 10:00:00,DZ002,OP1010,9375.5,32.4,8,29,fastened,No,,87,120
2025-05-10 10:00:00,EXC001,OP1001,1580.7,7.6,12,26,fastened,No,,84,120
2025-05-10 10:00:00,EXC002,OP1002,6469.9,23.6,9,27,fastened,No,,85,120
2025-05-10 10:00:00,EXC003,OP1003,3957.6,24.4,7,23,fastened,No,,90,120
2025-05-10 10:00:00,EXC004,OP1004,472.8,,13,14,fastened,Yes,50.0,83,100
2025-05-10 10:00:00,EXC005,OP1013,351.8,,15,9,fastened,No,0.0,111,120
2025-05-10 10:00:00,EXC006,OP1006,8182.6,20.6,6,45,fastened,No,,75,120
2025-05-10 10:00:00,WL001,OP1001,5299.7,23.6,40,25,fastened,No,,84,120
2025-05-10 10:00:00,WL002,OP1008,7080.2,23.8,40,24,fastened,No,,87,120
2025-05-10 12:00:00,BH001,OP1011,2267.8,10.5,5,11,fastened,No,,56,75
2025-05-10 12:00:00,BH002,OP1012,3169.2,6.7,7,27,fastened,No,,48,75
2025-05-10 12:00:00,DZ001,OP1009,4463.9,22.8,3,6,fastened,No,,60,75
2025-05-10 12:00:00,DZ002,OP1010,9376.8,16.8,2,32,fastened,No,,43,75
2025-05-10 12:00:00,EXC001,OP1001,1582.0,5.0,10,16,fastened,No,,59,75
2025-05-10 12:00:00,EXC002,OP1002,6471.1,15.8,8,14,fastened,No,,61,75
2025-05-10 12:00:00,EXC003,OP1003,3958.8,18.1,11,4,fastened,No,,71,75
2025-05-10 12:00:00,EXC004,OP1004,473.5,,0,3,fastened,No,162.0,31,45
2025-05-10 12:00:00,EXC005,OP1013,353.1,,7,14,fastened,Yes,30.0,53,75
2025-05-10 12:00:00,EXC006,OP1006,8183.9,14.9,6,15,fastened,No,,51,75
2025-05-10 12:00:00,WL001,OP1001,5301.0,17.2,33,7,fastened,No,,68,75
2025-05-10 12:00:00,WL002,OP1008,7081.4,12.2,13,31,fastened,No,,44,75
2025-05-10 14:00:00,BH001,OP1011,2269.8,16.7,20,17,fastened,No,,93,120
2025-05-10 14:00:00,BH002,OP1012,3170.4,7.5,6,11,fastened,No,,57,68
2025-05-10 14:00:00,DZ001,OP1009,4465.9,32.3,4,32,fastened,No,,88,120
2025-05-10 14:00:00,DZ002,OP1010,9378.8,33.5,7,21,fastened,No,,90,120
2025-05-10 14:00:00,EXC001,OP1001,1584.0,8.2,17,17,fastened,No,,91,120
2025-05-10 14:00:00,EXC002,OP1002,6472.8,18.7,14,29,fastened,No,,69,98
2025-05-10 14:00:00,EXC003,OP1003,3960.8,26.1,10,16,fastened,No,,104,120
2025-05-10 14:00:00,EXC004,OP1004,475.5,,11,19,fastened,No,0.0,92,120
2025-05-10 14:00:00,EXC005,OP1013,354.6,,13,17,fastened,Yes,0.0,77,94
2025-05-10 14:00:00,EXC006,OP1006,8185.9,18.9,8,54,fastened,No,,66,120
2025-05-10 14:00:00,WL001,OP1001,5303.0,24.5,37,27,fastened,No,,93,120
2025-05-10 14:00:00,WL002,OP1008,7082.6,15.2,20,12,fastened,No,,59,71
2025-05-10 16:00:00,BH001,OP1011,2270.8,8.7,9,10,fastened,No,,50,60
2025-05-10 16:00:00,BH002,OP1012,3170.4,0.0,0,0,fastened,No,,0,0
2025-05-10 16:00:00,DZ001,OP1009,4466.9,18.0,2,10,fastened,No,,50,60
2025-05-10 16:00:00,DZ002,OP1010,9379.8,18.4,2,9,fastened,No,,51,60
2025-05-10 16:00:00,EXC001,OP1001,1585.0,3.9,4,16,fastened,No,,44,60
2025-05-10 16:00:00,EXC002,OP1002,6472.8,0.0,0,0,fastened,No,,0,0
2025-05-10 16:00:00,EXC003,OP1003,3961.0,3.0,0,0,fastened,No,,12,12
2025-05-10 16:00:00,EXC004,OP1004,476.2,,4,6,fastened,No,40.0,35,44
2025-05-10 16:00:00,EXC005,OP1013,354.6,,0,0,fastened,No,0.0,0,0
2025-05-10 16:00:00,EXC006,OP1006,8186.9,9.5,5,27,fastened,No,,33,60
2025-05-10 16:00:00,WL001,OP1001,5304.0,11.8,16,15,fastened,No,,45,60
2025-05-10 16:00:00,WL002,OP1008,7082.6,0.0,0,0,fastened,No,,0,0
2025-05-12 08:00:00,BH001,OP1011,2272.8,13.2,18,18,fastened,No,,102,120
2025-05-12 08:00:00,BH002,OP1014,3172.4,13.5,7,14,fastened,No,,106,120
2025-05-12 08:00:00,DZ001,OP1009,4468.9,34.4,5,27,fastened,No,,93,120
2025-05-12 08:00:00,DZ002,OP1010,9381.8,33.1,6,31,fastened,No,,89,120
2025-05-12 08:00:00,EXC001,OP1001,1587.0,8.2,15,26,fastened,No,,94,120
2025-05-12 08:00:00,EXC002,OP1002,6474.8,22.9,13,34,fastened,No,,86,120
2025-05-12 08:00:00,EXC003,OP1003,3963.0,23.7,10,30,fastened,No,,90,120
2025-05-12 08:00:00,EXC004,OP1004,478.2,,11,39,fastened,No,0.0,81,120
2025-05-12 08:00:00,EXC005,OP1005,356.6,,5,50,fastened,No,0.0,70,120
2025-05-12 08:00:00,EXC006,OP1006,8188.9,21.1,6,43,fastened,No,,77,120
2025-05-12 08:00:00,WL001,OP1007,5306.0,24.3,36,27,unfastened,Yes,,93,120
2025-05-12 08:00:00,WL002,OP1008,7084.6,21.3,36,42,fastened,No,,78,120
2025-05-12 10:00:00,BH001,OP1011,2274.8,11.9,17,27,fastened,No,,85,120
2025-05-12 10:00:00,BH002,OP1014,3174.4,12.7,10,20,fastened,No,,90,120
2025-05-12 10:00:00,DZ001,OP1009,4470.9,36.9,7,13,fastened,No,,101,120
2025-05-12 10:00:00,DZ002,OP1010,9383.8,22.0,2,64,unfastened,Yes,,49,120
2025-05-12 10:00:00,EXC001,OP1001,1589.0,7.2,12,38,fastened,No,,82,120
2025-05-12 10:00:00,EXC002,OP1002,6476.8,26.2,11,14,fastened,No,,96,120
2025-05-12 10:00:00,EXC003,OP1003,3965.0,25.5,17,19,fastened,No,,95,120
2025-05-12 10:00:00,EXC004,OP1004,480.2,,9,30,fastened,No,0.0,84,120
2025-05-12 10:00:00,EXC005,OP1005,358.6,,14,15,fastened,No,0.0,105,120
2025-05-12 10:00:00,EXC006,OP1006,8190.9,22.2,8,34,fastened,No,,81,120
2025-05-12 10:00:00,WL001,OP1007,5308.0,22.7,30,35,fastened,No,,85,120
2025-05-12 10:00:00,WL002,OP1008,7086.6,23.8,25,32,fastened,Yes,,81,120
2025-05-12 12:00:00,BH001,OP1011,2276.1,6.7,5,26,fastened,No,,49,75
2025-05-12 12:00:00,BH002,OP1014,3175.6,5.8,4,33,fastened,No,,36,75
2025-05-12 12:00:00,DZ001,OP1009,4472.1,20.1,5,22,fastened,No,,53,75
2025-05-12 12:00:00,DZ002,OP1010,9385.0,20.2,1,18,fastened,No,,55,75
2025-05-12 12:00:00,EXC001,OP1001,1590.2,5.9,14,2,fastened,No,,69,75
2025-05-12 12:00:00,EXC002,OP1002,6478.0,16.4,6,9,fastened,No,,62,75
2025-05-12 12:00:00,EXC003,OP1003,3966.3,17.1,9,4,fastened,No,,63,75
2025-05-12 12:00:00,EXC004,OP1004,480.8,,4,6,fastened,No,212.2,21,31
2025-05-12 12:00:00,EXC005,OP1005,359.9,,13,15,fastened,No,30.0,48,75
2025-05-12 12:00:00,EXC006,OP1006,8192.2,16.8,9,11,fastened,No,,64,75
2025-05-12 12:00:00,WL001,OP1007,5309.2,11.5,17,30,fastened,No,,35,75
2025-05-12 12:00:00,WL002,OP1008,7087.8,13.6,17,24,fastened,No,,51,75
2025-05-12 14:00:00,BH001,OP1011,2278.1,12.6,12,21,fastened,No,,92,120
2025-05-12 14:00:00,BH002,OP1014,3177.6,12.1,15,28,fastened,No,,92,120
2025-05-12 14:00:00,DZ001,OP1009,4474.1,18.7,1,74,fastened,Yes,,38,120
2025-05-12 14:00:00,DZ002,OP1010,9387.0,35.0,4,20,fastened,No,,93,120
2025-05-12 14:00:00,EXC001,OP1001,1592.2,8.7,11,19,fastened,No,,101,120
2025-05-12 14:00:00,EXC002,OP1002,6480.0,25.8,9,20,fastened,No,,100,120
2025-05-12 14:00:00,EXC003,OP1003,3968.3,23.7,12,31,fastened,No,,89,120
2025-05-12 14:00:00,EXC004,OP1004,482.8,,13,33,fastened,No,0.0,85,120
2025-05-12 14:00:00,EXC005,OP1005,361.7,,12,12,fastened,No,0.0,95,107
2025-05-12 14:00:00,EXC006,OP1006,8194.2,22.4,6,30,fastened,No,,80,120
2025-05-12 14:00:00,WL001,OP1007,5311.2,23.4,42,32,fastened,No,,88,120
2025-05-12 14:00:00,WL002,OP1008,7089.8,25.6,37,16,fastened,No,,95,120
2025-05-12 16:00:00,BH001,OP1011,2279.1,7.4,9,0,fastened,No,,60,60
2025-05-12 16:00:00,BH002,OP1014,3177.8,1.0,2,0,fastened,No,,8,8
2025-05-12 16:00:00,DZ001,OP1009,4475.1,19.9,4,4,fastened,No,,56,60
2025-05-12 16:00:00,DZ002,OP1010,9388.0,17.5,4,12,fastened,No,,48,60
2025-05-12 16:00:00,EXC001,OP1001,1592.7,1.8,1,6,fastened,No,,22,28
2025-05-12 16:00:00,EXC002,OP1002,6481.0,11.6,5,17,fastened,No,,43,60
2025-05-12 16:00:00,EXC003,OP1003,3969.3,12.8,3,10,fastened,No,,50,60
2025-05-12 16:00:00,EXC004,OP1004,483.8,,3,16,fastened,No,0.0,35,60
2025-05-12 16:00:00,EXC005,OP1005,361.7,,0,0,fastened,No,0.0,0,0
2025-05-12 16:00:00,EXC006,OP1006,8195.2,12.6,5,12,fastened,No,,48,60
2025-05-12 16:00:00,WL001,OP1007,5312.2,13.3,22,8,fastened,No,,52,60
2025-05-12 16:00:00,WL002,OP1008,7090.8,9.6,12,26,fastened,No,,34,60
2025-05-13 08:00:00,BH001,OP1011,2281.1,12.3,19,27,fastened,No,,93,120
2025-05-13 08:00:00,BH002,OP1014,3179.8,11.4,11,30,fastened,No,,80,120
2025-05-13 08:00:00,DZ001,OP1009,4477.1,32.2,6,32,fastened,Yes,,88,120
2025-05-13 08:00:00,DZ002,OP1008,9390.0,33.3,4,29,fastened,No,,91,120
2025-05-13 08:00:00,EXC001,OP1001,1594.7,7.3,10,39,fastened,No,,81,120
2025-05-13 08:00:00,EXC002,OP1002,6483.0,25.5,15,22,fastened,No,,98,120
2025-05-13 08:00:00,EXC003,OP1003,3971.3,21.9,11,38,fastened,No,,82,120
2025-05-13 08:00:00,EXC004,OP1004,485.8,,9,50,fastened,No,0.0,70,120
2025-05-13 08:00:00,EXC005,OP1005,363.7,,12,28,fastened,No,0.0,92,120
2025-05-13 08:00:00,EXC006,OP1006,8197.2,31.0,8,32,fastened,No,,88,120
2025-05-13 08:00:00,WL001,OP1007,5314.2,20.8,36,44,fastened,No,,76,120
2025-05-13 08:00:00,WL002,OP1008,7092.8,25.9,28,20,fastened,No,,100,120
2025-05-13 10:00:00,BH001,OP1011,2283.1,8.9,8,58,fastened,Yes,,56,120
2025-05-13 10:00:00,BH002,OP1014,3181.8,11.5,12,36,fastened,No,,84,120
2025-05-13 10:00:00,DZ001,OP1009,4479.1,29.2,5,36,fastened,No,,74,120
2025-05-13 10:00:00,DZ002,OP1008,9392.0,36.4,5,16,fastened,No,,99,120
2025-05-13 10:00:00,EXC001,OP1001,1596.7,5.8,10,60,fastened,Yes,,56,120
2025-05-13 10:00:00,EXC002,OP1002,6485.0,23.1,9,30,fastened,No,,83,120
2025-05-13 10:00:00,EXC003,OP1003,3973.3,16.9,7,64,fastened,Yes,,56,120
2025-05-13 10:00:00,EXC004,OP1004,487.8,,6,38,fastened,No,0.0,82,120
2025-05-13 10:00:00,EXC005,OP1005,365.7,,8,22,fastened,No,0.0,91,120
2025-05-13 10:00:00,EXC006,OP1006,8199.2,31.6,14,24,fastened,No,,86,120
2025-05-13 10:00:00,WL001,OP1007,5316.2,21.5,28,40,fastened,No,,80,120
2025-05-13 10:00:00,WL002,OP1008,7094.8,24.2,28,23,fastened,No,,87,120
2025-05-13 12:00:00,BH001,OP1011,2284.1,6.9,6,6,fastened,No,,54,60
2025-05-13 12:00:00,BH002,OP1014,3183.0,7.3,6,18,fastened,No,,53,75
2025-05-13 12:00:00,DZ001,OP1009,4480.4,23.4,4,4,fastened,No,,63,75
2025-05-13 12:00:00,DZ002,OP1008,9393.3,24.3,6,0,fastened,No,,64,75
2025-05-13 12:00:00,EXC001,OP1001,1597.7,4.0,6,15,fastened,No,,45,60
2025-05-13 12:00:00,EXC002,OP1002,6486.0,6.1,5,43,fastened,Yes,,17,60
2025-05-13 12:00:00,EXC003,OP1003,3974.5,14.5,6,15,fastened,No,,50,75
2025-05-13 12:00:00,EXC004,OP1004,489.0,,7,13,fastened,No,112.5,51,75
2025-05-13 12:00:00,EXC005,OP1005,366.7,,5,11,fastened,No,30.0,49,60
2025-05-13 12:00:00,EXC006,OP1006,8200.4,20.2,9,16,fastened,No,,59,75
2025-05-13 12:00:00,WL001,OP1007,5317.2,10.5,12,21,fastened,No,,39,60
2025-05-13 12:00:00,WL002,OP1008,7096.1,12.7,19,29,fastened,No,,46,75
2025-05-13 14:00:00,BH001,OP1011,2285.8,12.1,13,7,fastened,No,,91,105
2025-05-13 14:00:00,BH002,OP1014,3184.7,10.6,13,21,fastened,No,,80,101
2025-05-13 14:00:00,DZ001,OP1009,4482.4,38.7,3,19,fastened,Yes,,101,120
2025-05-13 14:00:00,DZ002,OP1008,9395.3,34.7,1,25,fastened,No,,95,120
2025-05-13 14:00:00,EXC001,OP1001,1599.4,7.4,11,18,fastened,No,,87,105
2025-05-13 14:00:00,EXC002,OP1002,6487.8,17.4,8,43,fastened,Yes,,62,105
2025-05-13 14:00:00,EXC003,OP1003,3976.5,27.4,9,12,fastened,No,,108,120
2025-05-13 14:00:00,EXC004,OP1004,490.6,,6,20,fastened,No,70.0,69,92
2025-05-13 14:00:00,EXC005,OP1005,368.4,,17,14,fastened,No,0.0,91,105
2025-05-13 14:00:00,EXC006,OP1006,8202.4,33.3,11,20,fastened,No,,99,119
2025-05-13 14:00:00,WL001,OP1007,5319.0,13.8,11,54,unfastened,Yes,,41,105
2025-05-13 14:00:00,WL002,OP1008,7098.1,21.7,29,35,fastened,No,,76,120
2025-05-13 16:00:00,BH001,OP1011,2286.8,7.2,7,4,fastened,No,,56,60
2025-05-13 16:00:00,BH002,OP1014,3184.7,0.0,0,0,fastened,No,,0,0
2025-05-13 16:00:00,DZ001,OP1009,4482.9,9.4,0,8,fastened,No,,25,33
2025-05-13 16:00:00,DZ002,OP1008,9396.2,14.3,0,13,fastened,No,,40,53
2025-05-13 16:00:00,EXC001,OP1001,1600.4,4.6,6,5,fastened,No,,55,60
2025-05-13 16:00:00,EXC002,OP1002,6488.8,9.6,3,22,fastened,No,,30,60
2025-05-13 16:00:00,EXC003,OP1003,3977.5,14.2,5,4,fastened,No,,56,60
2025-05-13 16:00:00,EXC004,OP1004,490.6,,0,0,fastened,No,140.7,0,0
2025-05-13 16:00:00,EXC005,OP1005,369.4,,4,11,fastened,No,0.0,48,60
2025-05-13 16:00:00,EXC006,OP1006,8202.4,0.0,0,0,fastened,No,,0,0
2025-05-13 16:00:00,WL001,OP1007,5320.0,9.1,12,28,fastened,No,,32,60
2025-05-13 16:00:00,WL002,OP1008,7099.1,10.0,14,23,fastened,No,,37,60
2025-05-14 08:00:00,BH001,OP1011,2288.8,12.2,13,27,fastened,No,,93,120
2025-05-14 08:00:00,BH002,OP1012,3186.7,12.2,10,28,fastened,No,,92,120
2025-05-14 08:00:00,DZ002,OP1010,9398.2,33.3,4,30,fastened,No,,90,120
2025-05-14 08:00:00,EXC001,OP1005,1602.4,9.1,16,12,fastened,No,,108,120
2025-05-14 08:00:00,EXC002,OP1002,6490.8,23.3,8,31,fastened,No,,89,120
2025-05-14 08:00:00,EXC003,OP1003,3979.5,25.6,14,17,fastened,No,,94,120
2025-05-14 08:00:00,EXC004,OP1014,492.6,,15,18,fastened,No,0.0,102,120
2025-05-14 08:00:00,EXC005,OP1005,371.4,,14,24,fastened,No,0.0,96,120
2025-05-14 08:00:00,EXC006,OP1006,8204.4,12.5,6,84,fastened,Yes,,36,120
2025-05-14 08:00:00,WL001,OP1007,5322.0,20.1,28,47,fastened,No,,73,120
2025-05-14 08:00:00,WL002,OP1008,7101.1,23.2,32,32,fastened,No,,88,120
2025-05-14 10:00:00,BH001,OP1011,2290.8,12.6,16,21,fastened,No,,92,120
2025-05-14 10:00:00,BH002,OP1012,3188.7,12.0,20,30,fastened,No,,90,120
2025-05-14 10:00:00,DZ002,OP1010,9400.2,34.0,4,23,fastened,No,,91,120
2025-05-14 10:00:00,EXC001,OP1005,1604.4,8.6,17,14,fastened,No,,100,120
2025-05-14 10:00:00,EXC002,OP1002,6492.8,23.8,14,26,fastened,No,,87,120
2025-05-14 10:00:00,EXC003,OP1003,3981.5,28.2,16,9,fastened,No,,109,120
2025-05-14 10:00:00,EXC004,OP1014,494.6,,6,34,fastened,No,0.0,76,120
2025-05-14 10:00:00,EXC005,OP1005,373.4,,14,20,fastened,No,0.0,100,120
2025-05-14 10:00:00,EXC006,OP1006,8206.4,21.0,12,39,fastened,No,,72,120
2025-05-14 10:00:00,WL001,OP1007,5324.0,23.1,27,32,fastened,No,,88,120
2025-05-14 10:00:00,WL002,OP1008,7103.1,23.2,31,28,fastened,No,,84,120
2025-05-14 12:00:00,BH001,OP1011,2291.8,5.4,3,21,fastened,No,,39,60
2025-05-14 12:00:00,BH002,OP1012,3189.9,7.9,16,12,fastened,No,,56,75
2025-05-14 12:00:00,DZ002,OP1010,9401.4,20.8,4,11,fastened,No,,54,75
2025-05-14 12:00:00,EXC001,OP1005,1605.4,4.3,7,9,fastened,No,,51,60
2025-05-14 12:00:00,EXC002,OP1002,6493.8,13.4,7,8,fastened,No,,52,60
2025-05-14 12:00:00,EXC003,OP1003,3982.8,15.9,2,10,fastened,No,,56,75
2025-05-14 12:00:00,EXC004,OP1014,495.1,,4,8,fastened,No,212.1,17,31
2025-05-14 12:00:00,EXC005,OP1005,374.4,,5,2,fastened,No,30.0,52,60
2025-05-14 12:00:00,EXC006,OP1006,8207.6,17.1,9,7,fastened,No,,68,75
2025-05-14 12:00:00,WL001,OP1007,5325.0,10.0,8,22,fastened,Yes,,34,60
2025-05-14 12:00:00,WL002,OP1008,7104.4,17.7,13,5,fastened,No,,70,75
2025-05-14 14:00:00,BH001,OP1011,2293.6,11.4,16,14,fastened,No,,84,105
2025-05-14 14:00:00,BH002,OP1012,3191.9,13.4,16,16,fastened,No,,104,120
2025-05-14 14:00:00,DZ002,OP1010,9403.4,38.9,4,10,fastened,No,,110,120
2025-05-14 14:00:00,EXC001,OP1005,1607.2,8.0,10,9,fastened,No,,96,105
2025-05-14 14:00:00,EXC002,OP1002,6495.5,19.3,10,34,fastened,Yes,,71,105
2025-05-14 14:00:00,EXC003,OP1003,3984.6,23.3,10,20,fastened,No,,90,110
2025-05-14 14:00:00,EXC004,OP1014,497.1,,8,32,fastened,No,0.0,88,120
2025-05-14 14:00:00,EXC005,OP1005,376.2,,14,10,fastened,No,0.0,95,105
2025-05-14 14:00:00,EXC006,OP1006,8209.6,21.2,6,38,fastened,No,,73,120
2025-05-14 14:00:00,WL001,OP1007,5326.7,18.3,27,37,unfastened,Yes,,68,105
2025-05-14 14:00:00,WL002,OP1008,7106.4,18.7,23,48,fastened,No,,62,120
2025-05-14 16:00:00,BH001,OP1011,2294.6,7.3,10,3,fastened,No,,57,60
2025-05-14 16:00:00,BH002,OP1012,3192.8,5.9,2,2,fastened,No,,47,49
2025-05-14 16:00:00,DZ002,OP1010,9404.1,12.7,2,6,fastened,No,,35,41
2025-05-14 16:00:00,EXC001,OP1005,1608.2,5.0,14,0,fastened,No,,60,60
2025-05-14 16:00:00,EXC002,OP1002,6495.5,0.2,0,0,fastened,No,,1,1
2025-05-14 16:00:00,EXC003,OP1003,3984.6,0.0,0,0,fastened,No,,0,0
2025-05-14 16:00:00,EXC004,OP1014,498.1,,4,11,fastened,No,0.0,37,60
2025-05-14 16:00:00,EXC005,OP1005,376.9,,5,8,fastened,No,9.3,35,46
2025-05-14 16:00:00,EXC006,OP1006,8210.6,12.2,5,14,fastened,No,,46,60
2025-05-14 16:00:00,WL001,OP1007,5327.7,13.5,20,8,fastened,No,,52,60
2025-05-14 16:00:00,WL002,OP1008,7107.4,11.2,18,19,fastened,No,,41,60
2025-05-15 08:00:00,BH001,OP1011,2296.6,12.0,10,30,fastened,No,,90,120
2025-05-15 08:00:00,BH002,OP1012,3194.8,12.5,14,25,fastened,No,,95,120
2025-05-15 08:00:00,DZ001,OP1009,4484.9,31.0,1,37,fastened,No,,83,120
2025-05-15 08:00:00,DZ002,OP1010,9406.1,32.7,4,29,fastened,No,,87,120
2025-05-15 08:00:00,EXC001,OP1001,1610.2,8.3,17,25,fastened,No,,95,120
2025-05-15 08:00:00,EXC002,OP1002,6497.5,24.2,14,28,fastened,No,,92,120
2025-05-15 08:00:00,EXC003,OP1014,3986.6,25.6,13,21,fastened,No,,99,120
2025-05-15 08:00:00,EXC004,OP1004,500.1,,11,25,fastened,No,0.0,95,120
2025-05-15 08:00:00,EXC005,OP1005,378.9,,10,18,fastened,No,0.0,102,120
2025-05-15 08:00:00,EXC006,OP1006,8212.6,24.7,9,25,fastened,No,,95,120
2025-05-15 08:00:00,WL002,OP1008,7109.4,23.0,42,34,fastened,No,,86,120
2025-05-15 10:00:00,BH001,OP1011,2298.6,11.9,16,31,fastened,No,,89,120
2025-05-15 10:00:00,BH002,OP1012,3196.8,14.0,18,10,fastened,No,,110,120
2025-05-15 10:00:00,DZ001,OP1009,4486.9,39.4,5,5,fastened,No,,108,120
2025-05-15 10:00:00,DZ002,OP1010,9408.1,33.6,0,27,fastened,No,,92,120
2025-05-15 10:00:00,EXC001,OP1001,1612.2,8.5,8,14,fastened,No,,94,120
2025-05-15 10:00:00,EXC002,OP1002,6499.5,25.3,13,16,fastened,No,,93,120
2025-05-15 10:00:00,EXC003,OP1014,3988.6,26.6,14,12,fastened,Yes,,103,120
2025-05-15 10:00:00,EXC004,OP1004,502.1,,13,24,fastened,No,0.0,90,120
2025-05-15 10:00:00,EXC005,OP1005,380.9,,13,22,fastened,No,0.0,94,120
2025-05-15 10:00:00,EXC006,OP1006,8214.6,21.7,11,38,fastened,No,,78,120
2025-05-15 10:00:00,WL002,OP1008,7111.4,21.9,24,39,fastened,No,,81,120
2025-05-15 12:00:00,BH001,OP1011,2299.8,7.9,6,14,fastened,No,,57,75
2025-05-15 12:00:00,BH002,OP1012,3198.0,8.2,4,8,fastened,No,,59,75
2025-05-15 12:00:00,DZ001,OP1009,4488.2,21.9,2,7,fastened,No,,56,75
2025-05-15 12:00:00,DZ002,OP1010,9409.3,22.3,5,13,fastened,No,,62,75
2025-05-15 12:00:00,EXC001,OP1001,1613.4,5.8,11,6,fastened,No,,69,75
2025-05-15 12:00:00,EXC002,OP1002,6500.8,14.5,4,20,fastened,No,,55,75
2025-05-15 12:00:00,EXC003,OP1014,3989.8,15.1,6,17,fastened,No,,54,75
2025-05-15 12:00:00,EXC004,OP1004,502.6,,3,7,fastened,No,213.9,15,30
2025-05-15 12:00:00,EXC005,OP1005,382.2,,10,14,fastened,No,30.0,61,75
2025-05-15 12:00:00,EXC006,OP1006,8215.9,17.1,8,7,fastened,No,,68,75
2025-05-15 12:00:00,WL002,OP1008,7112.6,11.0,11,33,fastened,No,,33,75
2025-05-15 14:00:00,BH001,OP1011,2301.1,7.8,10,17,fastened,Yes,,60,77
2025-05-15 14:00:00,BH002,OP1012,3200.0,12.5,8,24,fastened,No,,96,120
2025-05-15 14:00:00,DZ001,OP1009,4490.2,33.1,6,29,fastened,No,,91,120
2025-05-15 14:00:00,DZ002,OP1010,9411.3,32.0,3,27,fastened,No,,81,120
2025-05-15 14:00:00,EXC001,OP1001,1615.1,7.5,7,8,fastened,Yes,,84,100
2025-05-15 14:00:00,EXC002,OP1002,6502.0,15.1,6,17,fastened,No,,56,73
2025-05-15 14:00:00,EXC003,OP1014,3991.5,17.6,6,35,fastened,No,,64,99
2025-05-15 14:00:00,EXC004,OP1004,504.6,,10,23,fastened,No,0.0,97,120
2025-05-15 14:00:00,EXC005,OP1005,383.8,,9,12,fastened,No,0.0,83,100
2025-05-15 14:00:00,EXC006,OP1006,8217.5,20.3,9,20,fastened,No,,78,98
2025-05-15 14:00:00,WL002,OP1008,7114.6,22.9,36,33,fastened,No,,87,120
2025-05-15 16:00:00,BH001,OP1011,2301.1,0.0,0,0,fastened,No,,0,0
2025-05-15 16:00:00,BH002,OP1012,3201.0,6.3,8,8,fastened,No,,49,57
2025-05-15 16:00:00,DZ001,OP1009,4491.2,17.9,2,11,fastened,No,,49,60
2025-05-15 16:00:00,DZ002,OP1010,9411.8,7.9,1,5,fastened,No,,22,27
2025-05-15 16:00:00,EXC001,OP1001,1615.1,0.0,0,0,fastened,No,,0,0
2025-05-15 16:00:00,EXC002,OP1002,6502.0,0.0,0,0,fastened,No,,0,0
2025-05-15 16:00:00,EXC003,OP1014,3991.5,0.0,0,0,fastened,No,,0,0
2025-05-15 16:00:00,EXC004,OP1004,505.6,,6,16,fastened,No,0.0,40,60
2025-05-15 16:00:00,EXC005,OP1005,383.8,,0,0,fastened,No,0.0,0,0
2025-05-15 16:00:00,EXC006,OP1006,8217.5,0.0,0,0,fastened,No,,0,0
2025-05-15 16:00:00,WL002,OP1008,7115.6,9.5,10,26,fastened,No,,34,60
2025-05-16 08:00:00,BH001,OP1011,2303.1,12.4,8,26,fastened,No,,94,120
2025-05-16 08:00:00,BH002,OP1012,3203.0,12.3,18,29,fastened,No,,91,120
2025-05-16 08:00:00,DZ001,OP1009,4493.2,37.4,10,17,unfastened,Yes,,103,120
2025-05-16 08:00:00,DZ002,OP1010,9413.8,33.1,2,31,fastened,No,,89,120
2025-05-16 08:00:00,EXC001,OP1007,1617.1,7.9,11,30,fastened,No,,90,120
2025-05-16 08:00:00,EXC002,OP1002,6504.0,24.2,12,28,fastened,No,,92,120
2025-05-16 08:00:00,EXC003,OP1003,3993.5,24.8,22,24,fastened,No,,96,120
2025-05-16 08:00:00,EXC004,OP1004,507.6,,9,32,fastened,No,0.0,88,120
2025-05-16 08:00:00,EXC005,OP1005,385.8,,17,15,fastened,No,0.0,105,120
2025-05-16 08:00:00,EXC006,OP1015,8219.5,24.8,9,25,fastened,No,,95,120
2025-05-16 08:00:00,WL001,OP1007,5329.7,21.7,24,41,fastened,No,,79,120
2025-05-16 08:00:00,WL002,OP1008,7117.6,23.6,31,30,fastened,No,,90,120
2025-05-16 10:00:00,BH001,OP1011,2305.1,12.5,19,23,fastened,No,,91,120
2025-05-16 10:00:00,BH002,OP1012,3205.0,9.9,6,48,unfastened,Yes,,64,120
2025-05-16 10:00:00,DZ001,OP1009,4495.2,32.7,3,23,fastened,No,,86,120
2025-05-16 10:00:00,DZ002,OP1010,9415.8,36.6,4,15,fastened,No,,101,120
2025-05-16 10:00:00,EXC001,OP1007,1619.1,7.9,16,31,fastened,No,,89,120
2025-05-16 10:00:00,EXC002,OP1002,6506.0,24.0,11,29,fastened,No,,91,120
2025-05-16 10:00:00,EXC003,OP1003,3995.5,27.7,14,11,fastened,No,,109,120
2025-05-16 10:00:00,EXC004,OP1004,509.6,,7,6,fastened,No,0.0,102,120
2025-05-16 10:00:00,EXC005,OP1005,387.8,,16,21,fastened,No,0.0,94,120
2025-05-16 10:00:00,EXC006,OP1015,8221.5,26.8,9,15,fastened,No,,105,120
2025-05-16 10:00:00,WL001,OP1007,5331.7,23.7,32,30,fastened,No,,90,120
2025-05-16 10:00:00,WL002,OP1008,7119.6,22.1,24,34,fastened,No,,78,120
2025-05-16 12:00:00,BH001,OP1011,2306.4,7.9,5,14,fastened,No,,61,75
2025-05-16 12:00:00,BH002,OP1012,3206.2,8.0,10,15,fastened,No,,60,75
2025-05-16 12:00:00,DZ001,OP1009,4496.4,23.9,3,8,fastened,No,,67,75
2025-05-16 12:00:00,DZ002,OP1010,9417.0,19.2,1,23,fastened,No,,52,75
2025-05-16 12:00:00,EXC001,OP1007,1620.4,4.8,10,17,fastened,No,,52,75
2025-05-16 12:00:00,EXC002,OP1002,6507.2,15.2,8,11,fastened,No,,53,75
2025-05-16 12:00:00,EXC003,OP1003,3996.8,16.3,3,6,fastened,No,,59,75
2025-05-16 12:00:00,EXC004,OP1004,510.1,,2,0,fastened,Yes,212.2,28,31
2025-05-16 12:00:00,EXC005,OP1005,389.1,,8,3,fastened,No,30.0,72,75
2025-05-16 12:00:00,EXC006,OP1015,8222.8,15.8,9,15,unfastened,Yes,,60,75
2025-05-16 12:00:00,WL001,OP1007,5333.0,13.4,17,25,fastened,No,,50,75
2025-05-16 12:00:00,WL002,OP1008,7120.8,14.1,26,19,fastened,No,,51,75
2025-05-16 14:00:00,BH001,OP1011,2308.4,14.1,16,9,fastened,No,,109,120
2025-05-16 14:00:00,BH002,OP1012,3208.2,13.5,15,13,fastened,No,,107,120
2025-05-16 14:00:00,DZ001,OP1009,4498.1,28.4,6,22,fastened,No,,78,100
2025-05-16 14:00:00,DZ002,OP1010,9419.0,37.1,3,18,fastened,No,,102,120
2025-05-16 14:00:00,EXC001,OP1007,1622.4,7.7,15,31,unfastened,Yes,,89,120
2025-05-16 14:00:00,EXC002,OP1002,6509.2,22.6,17,35,fastened,No,,85,120
2025-05-16 14:00:00,EXC003,OP1003,3998.6,25.4,8,9,fastened,Yes,,99,108
2025-05-16 14:00:00,EXC004,OP1004,511.9,,15,4,fastened,No,0.0,104,108
2025-05-16 14:00:00,EXC005,OP1005,391.1,,7,24,fastened,No,0.0,96,120
2025-05-16 14:00:00,EXC006,OP1015,8224.8,22.5,15,34,fastened,No,,82,120
2025-05-16 14:00:00,WL001,OP1007,5335.0,22.0,20,37,fastened,No,,78,120
2025-05-16 14:00:00,WL002,OP1008,7122.8,25.6,30,18,fastened,No,,98,120
2025-05-16 16:00:00,BH001,OP1011,2309.4,7.3,10,2,fastened,Yes,,49,60
2025-05-16 16:00:00,BH002,OP1012,3208.7,3.2,1,5,fastened,No,,25,30
2025-05-16 16:00:00,DZ001,OP1009,4498.1,0.0,0,0,fastened,No,,0,0
2025-05-16 16:00:00,DZ002,OP1010,9419.8,13.5,3,10,fastened,No,,37,47
2025-05-16 16:00:00,EXC001,OP1007,1623.4,4.5,10,7,fastened,No,,53,60
2025-05-16 16:00:00,EXC002,OP1002,6510.2,12.4,8,12,fastened,No,,48,60
2025-05-16 16:00:00,EXC003,OP1003,3998.6,0.0,0,0,fastened,No,,0,0
2025-05-16 16:00:00,EXC004,OP1004,511.9,,0,0,fastened,No,0.0,0,0
2025-05-16 16:00:00,EXC005,OP1005,391.3,,0,0,fastened,No,30.7,8,14
2025-05-16 16:00:00,EXC006,OP1015,8225.8,11.7,6,16,fastened,No,,44,60
2025-05-16 16:00:00,WL001,OP1007,5336.0,10.9,17,20,fastened,No,,40,60
2025-05-16 16:00:00,WL002,OP1008,7123.8,13.8,19,5,fastened,No,,55,60
2025-05-17 08:00:00,BH001,OP1011,2311.4,12.3,12,27,fastened,No,,93,120
2025-05-17 08:00:00,BH002,OP1014,3210.7,11.2,19,38,fastened,No,,82,120
2025-05-17 08:00:00,DZ001,OP1009,4500.1,31.8,1,34,fastened,No,,86,120
2025-05-17 08:00:00,DZ002,OP1010,9421.8,33.5,4,30,fastened,No,,90,120
2025-05-17 08:00:00,EXC001,OP1001,1625.4,7.4,9,38,fastened,No,,82,120
2025-05-17 08:00:00,EXC002,OP1002,6512.2,25.5,6,22,fastened,Yes,,98,120
2025-05-17 08:00:00,EXC003,OP1003,4000.6,26.7,11,16,fastened,No,,104,120
2025-05-17 08:00:00,EXC004,OP1004,513.9,,17,13,fastened,No,0.0,107,120
2025-05-17 08:00:00,EXC005,OP1005,393.3,,19,19,fastened,No,0.0,101,120
2025-05-17 08:00:00,EXC006,OP1006,8227.8,25.7,8,20,fastened,No,,100,120
2025-05-17 08:00:00,WL001,OP1013,5338.0,23.7,42,31,fastened,No,,89,120
2025-05-17 08:00:00,WL002,OP1008,7125.8,22.8,27,35,fastened,No,,85,120
2025-05-17 10:00:00,BH001,OP1011,2313.4,12.8,8,20,fastened,No,,95,120
2025-05-17 10:00:00,BH002,OP1014,3212.7,13.2,12,16,fastened,No,,98,120
2025-05-17 10:00:00,DZ001,OP1009,4502.1,34.1,7,20,fastened,No,,92,120
2025-05-17 10:00:00,DZ002,OP1010,9423.8,36.2,5,14,fastened,No,,98,120
2025-05-17 10:00:00,EXC001,OP1001,1627.4,8.1,21,23,fastened,No,,90,120
2025-05-17 10:00:00,EXC002,OP1002,6514.2,26.3,12,15,fastened,No,,101,120
2025-05-17 10:00:00,EXC003,OP1003,4002.6,26.2,8,15,fastened,No,,98,120
2025-05-17 10:00:00,EXC004,OP1004,515.6,,10,21,fastened,No,35.0,82,106
2025-05-17 10:00:00,EXC005,OP1005,395.3,,8,24,fastened,No,0.0,85,120
2025-05-17 10:00:00,EXC006,OP1006,8229.8,23.4,6,30,fastened,No,,86,120
2025-05-17 10:00:00,WL001,OP1013,5340.0,22.9,27,31,fastened,No,,83,120
2025-05-17 10:00:00,WL002,OP1008,7127.8,25.2,25,19,fastened,No,,92,120
2025-05-17 12:00:00,BH001,OP1011,2314.6,7.9,8,15,fastened,No,,60,75
2025-05-17 12:00:00,BH002,OP1014,3214.0,8.3,10,10,fastened,No,,65,75
2025-05-17 12:00:00,DZ001,OP1009,4503.3,19.4,2,23,fastened,No,,52,75
2025-05-17 12:00:00,DZ002,OP1010,9425.1,25.0,5,5,fastened,No,,70,75
2025-05-17 12:00:00,EXC001,OP1001,1628.6,5.6,9,9,fastened,No,,66,75
2025-05-17 12:00:00,EXC002,OP1002,6515.5,14.9,5,19,fastened,No,,56,75
2025-05-17 12:00:00,EXC003,OP1003,4003.8,16.2,5,14,fastened,Yes,,61,75
2025-05-17 12:00:00,EXC004,OP1004,516.4,,8,4,fastened,No,177.1,41,45
2025-05-17 12:00:00,EXC005,OP1005,396.6,,10,14,fastened,No,30.0,51,75
2025-05-17 12:00:00,EXC006,OP1006,8231.0,15.7,6,15,fastened,No,,60,75
2025-05-17 12:00:00,WL001,OP1013,5341.2,16.2,12,7,fastened,No,,58,75
2025-05-17 12:00:00,WL002,OP1008,7129.1,14.2,21,22,fastened,No,,53,75
2025-05-17 14:00:00,BH001,OP1011,2316.6,13.0,14,16,fastened,No,,95,120
2025-05-17 14:00:00,BH002,OP1014,3216.0,11.3,9,34,unfastened,Yes,,77,120
2025-05-17 14:00:00,DZ001,OP1009,4505.3,35.7,4,20,fastened,No,,96,120
2025-05-17 14:00:00,DZ002,OP1010,9426.5,25.7,4,15,fastened,No,,71,86
2025-05-17 14:00:00,EXC001,OP1001,1630.6,8.3,13,17,fastened,No,,92,120
2025-05-17 14:00:00,EXC002,OP1002,6516.0,7.0,1,4,fastened,No,,27,31
2025-05-17 14:00:00,EXC003,OP1003,4005.8,25.6,25,25,fastened,Yes,,95,120
2025-05-17 14:00:00,EXC004,OP1004,518.4,,8,50,unfastened,Yes,0.0,62,120
2025-05-17 14:00:00,EXC005,OP1005,398.6,,7,30,fastened,No,0.0,90,120
2025-05-17 14:00:00,EXC006,OP1006,8233.0,24.9,13,19,fastened,No,,91,120
2025-05-17 14:00:00,WL001,OP1013,5343.2,22.9,39,32,fastened,Yes,,88,120
2025-05-17 14:00:00,WL002,OP1008,7130.8,22.8,31,11,fastened,No,,91,102
2025-05-17 16:00:00,BH001,OP1011,2317.5,4.6,6,18,fastened,No,,33,51
2025-05-17 16:00:00,BH002,OP1014,3217.0,6.6,5,10,fastened,No,,50,60
2025-05-17 16:00:00,DZ001,OP1009,4506.3,17.9,2,5,fastened,No,,47,60
2025-05-17 16:00:00,DZ002,OP1010,9426.5,0.0,0,0,fastened,No,,0,0
2025-05-17 16:00:00,EXC001,OP1001,1631.6,4.7,6,3,fastened,No,,57,60
2025-05-17 16:00:00,EXC002,OP1002,6516.0,0.0,0,0,fastened,No,,0,0
2025-05-17 16:00:00,EXC003,OP1003,4006.8,11.8,5,12,fastened,No,,44,60
2025-05-17 16:00:00,EXC004,OP1004,519.4,,1,20,fastened,No,0.0,40,60
2025-05-17 16:00:00,EXC005,OP1005,399.2,,4,0,fastened,No,14.0,36,39
2025-05-17 16:00:00,EXC006,OP1006,8234.0,12.9,10,10,fastened,No,,50,60
2025-05-17 16:00:00,WL001,OP1013,5344.2,12.8,10,10,fastened,No,,50,60
2025-05-17 16:00:00,WL002,OP1008,7130.8,0.0,0,0,fastened,No,,0,0
2025-05-19 08:00:00,BH001,OP1011,2319.5,12.3,19,26,fastened,No,,94,120
2025-05-19 08:00:00,BH002,OP1012,3219.0,16.3,11,29,fastened,No,,91,120
2025-05-19 08:00:00,DZ001,OP1009,4508.3,37.7,7,16,fastened,No,,104,120
2025-05-19 08:00:00,DZ002,OP1010,9428.5,33.8,8,28,fastened,No,,92,120
2025-05-19 08:00:00,EXC001,OP1005,1633.6,8.1,12,26,fastened,No,,94,120
2025-05-19 08:00:00,EXC002,OP1002,6518.0,24.6,10,25,fastened,No,,95,120
2025-05-19 08:00:00,EXC003,OP1003,4008.8,21.9,8,40,fastened,No,,80,120
2025-05-19 08:00:00,EXC005,OP1013,401.2,,17,14,fastened,No,0.0,106,120
2025-05-19 08:00:00,EXC006,OP1006,8236.0,24.0,8,29,fastened,No,,91,120
2025-05-19 08:00:00,WL001,OP1007,5346.2,21.7,33,39,fastened,No,,81,120
2025-05-19 08:00:00,WL002,OP1008,7132.8,25.3,30,23,fastened,No,,97,120
2025-05-19 10:00:00,BH001,OP1011,2321.5,12.8,16,17,fastened,No,,91,120
2025-05-19 10:00:00,BH002,OP1012,3221.0,16.3,6,29,fastened,No,,91,120
2025-05-19 10:00:00,DZ001,OP1009,4510.3,37.9,4,10,fastened,No,,103,120
2025-05-19 10:00:00,DZ002,OP1010,9430.5,38.9,2,5,fastened,No,,107,120
2025-05-19 10:00:00,EXC001,OP1005,1635.6,8.4,11,21,fastened,No,,99,120
2025-05-19 10:00:00,EXC002,OP1002,6520.0,25.9,7,14,fastened,No,,96,120
2025-05-19 10:00:00,EXC003,OP1003,4010.8,20.0,10,48,fastened,No,,72,120
2025-05-19 10:00:00,EXC005,OP1013,403.2,,17,23,fastened,No,0.0,88,120
2025-05-19 10:00:00,EXC006,OP1006,8238.0,26.7,11,14,fastened,Yes,,101,120
2025-05-19 10:00:00,WL001,OP1007,5348.2,27.2,37,14,fastened,No,,106,120
2025-05-19 10:00:00,WL002,OP1008,7134.8,24.2,30,23,fastened,No,,91,120
2025-05-19 12:00:00,BH001,OP1011,2322.7,7.4,14,20,fastened,No,,55,75
2025-05-19 12:00:00,BH002,OP1012,3222.2,10.1,6,16,fastened,No,,51,75
2025-05-19 12:00:00,DZ001,OP1009,4511.6,23.7,4,5,fastened,No,,63,75
2025-05-19 12:00:00,DZ002,OP1010,9431.8,23.3,4,4,fastened,No,,61,75
2025-05-19 12:00:00,EXC001,OP1005,1636.8,5.4,10,6,fastened,No,,63,75
2025-05-19 12:00:00,EXC002,OP1002,6521.3,13.9,8,20,fastened,No,,48,75
2025-05-19 12:00:00,EXC003,OP1003,4012.0,15.0,9,16,fastened,No,,56,75
2025-05-19 12:00:00,EXC005,OP1013,404.5,,4,21,fastened,No,30.0,54,75
2025-05-19 12:00:00,EXC006,OP1006,8239.3,13.7,7,24,fastened,No,,51,75
2025-05-19 12:00:00,WL001,OP1007,5349.4,10.4,9,40,fastened,No,,35,75
2025-05-19 12:00:00,WL002,OP1008,7136.0,14.9,18,18,fastened,No,,57,75
2025-05-19 14:00:00,BH001,OP1011,2323.9,8.0,8,6,fastened,No,,63,69
2025-05-19 14:00:00,BH002,OP1012,3224.2,18.1,12,15,fastened,No,,105,120
2025-05-19 14:00:00,DZ001,OP1009,4512.8,23.5,2,6,fastened,No,,66,72
2025-05-19 14:00:00,DZ002,OP1010,9433.5,30.0,6,20,fastened,No,,83,103
2025-05-19 14:00:00,EXC001,OP1005,1638.1,5.9,10,6,fastened,No,,71,77
2025-05-19 14:00:00,EXC002,OP1002,6523.3,19.6,8,51,fastened,No,,69,120
2025-05-19 14:00:00,EXC003,OP1003,4014.0,24.7,9,20,fastened,No,,91,120
2025-05-19 14:00:00,EXC005,OP1013,406.5,,14,39,fastened,No,0.0,81,120
2025-05-19 14:00:00,EXC006,OP1006,8241.3,24.0,13,29,fastened,No,,91,120
2025-05-19 14:00:00,WL001,OP1007,5351.4,19.1,24,47,fastened,No,,61,120
2025-05-19 14:00:00,WL002,OP1008,7138.0,20.2,15,41,fastened,No,,68,120
2025-05-19 16:00:00,BH001,OP1011,2323.9,0.0,0,0,fastened,No,,0,0
2025-05-19 16:00:00,BH002,OP1012,3224.8,5.0,2,7,fastened,No,,27,34
2025-05-19 16:00:00,DZ001,OP1009,4512.8,0.0,0,0,fastened,No,,0,0
2025-05-19 16:00:00,DZ002,OP1010,9433.5,0.0,0,0,fastened,No,,0,0
2025-05-19 16:00:00,EXC001,OP1005,1638.1,0.0,0,0,fastened,No,,0,0
2025-05-19 16:00:00,EXC002,OP1002,6524.0,9.0,4,7,fastened,No,,34,41
2025-05-19 16:00:00,EXC003,OP1003,4015.0,11.4,1,14,fastened,No,,39,60
2025-05-19 16:00:00,EXC005,OP1013,407.4,,5,9,fastened,No,5.3,40,52
2025-05-19 16:00:00,EXC006,OP1006,8242.3,11.6,7,12,fastened,No,,40,60
2025-05-19 16:00:00,WL001,OP1007,5352.4,12.0,12,14,fastened,No,,46,60
2025-05-19 16:00:00,WL002,OP1008,7139.0,11.1,15,17,fastened,No,,43,60
2025-05-20 08:00:00,BH001,OP1011,2325.9,12.3,23,28,fastened,No,,92,120
2025-05-20 08:00:00,BH002,OP1014,3226.8,12.4,13,21,fastened,No,,87,120
2025-05-20 08:00:00,DZ001,OP1009,4514.8,33.0,5,29,fastened,No,,91,120
2025-05-20 08:00:00,DZ002,OP1010,9435.5,35.2,3,23,fastened,No,,97,120
2025-05-20 08:00:00,EXC001,OP1001,1640.1,9.1,12,13,fastened,No,,107,120
2025-05-20 08:00:00,EXC002,OP1002,6526.0,20.5,6,45,fastened,No,,75,120
2025-05-20 08:00:00,EXC003,OP1012,4017.0,22.8,7,34,fastened,No,,83,120
2025-05-20 08:00:00,EXC004,OP1004,521.4,,10,17,fastened,No,0.0,103,120
2025-05-20 08:00:00,EXC005,OP1005,409.4,,11,42,fastened,No,0.0,78,120
2025-05-20 08:00:00,EXC006,OP1015,8244.3,22.4,10,36,fastened,No,,84,120
2025-05-20 08:00:00,WL001,OP1007,5354.4,22.4,38,36,fastened,No,,84,120
2025-05-20 08:00:00,WL002,OP1008,7141.0,22.6,38,34,fastened,No,,86,120
2025-05-20 10:00:00,BH001,OP1011,2327.9,12.7,19,19,fastened,No,,93,120
2025-05-20 10:00:00,BH002,OP1014,3228.8,12.2,12,26,fastened,No,,94,120
2025-05-20 10:00:00,DZ001,OP1009,4516.8,33.6,2,21,fastened,No,,88,120
2025-05-20 10:00:00,DZ002,OP1010,9437.5,31.6,4,34,fastened,No,,86,120
2025-05-20 10:00:00,EXC001,OP1001,1642.1,8.2,11,18,fastened,No,,93,120
2025-05-20 10:00:00,EXC002,OP1002,6528.0,21.3,4,37,fastened,No,,76,120
2025-05-20 10:00:00,EXC003,OP1012,4019.0,23.1,10,29,fastened,No,,83,120
2025-05-20 10:00:00,EXC004,OP1004,523.4,,15,32,fastened,No,0.0,88,120
2025-05-20 10:00:00,EXC005,OP1005,411.4,,6,18,fastened,No,0.0,97,120
2025-05-20 10:00:00,EXC006,OP1015,8246.3,20.1,11,47,fastened,No,,73,120
2025-05-20 10:00:00,WL001,OP1007,5356.4,24.8,37,21,fastened,No,,94,120
2025-05-20 10:00:00,WL002,OP1008,7143.0,26.1,36,17,fastened,No,,97,120
2025-05-20 12:00:00,BH001,OP1011,2329.1,9.1,15,3,fastened,No,,72,75
2025-05-20 12:00:00,BH002,OP1014,3230.0,7.0,3,21,fastened,No,,45,75
2025-05-20 12:00:00,DZ001,OP1009,4518.0,25.8,4,1,fastened,No,,74,75
2025-05-20 12:00:00,DZ002,OP1010,9438.7,17.9,3,20,fastened,No,,43,75
2025-05-20 12:00:00,EXC001,OP1001,1643.4,4.8,9,20,fastened,No,,55,75
2025-05-20 12:00:00,EXC002,OP1002,6529.2,14.3,6,22,fastened,No,,53,75
2025-05-20 12:00:00,EXC003,OP1012,4020.3,14.3,7,17,fastened,No,,50,75
2025-05-20 12:00:00,EXC004,OP1004,523.9,,0,4,fastened,No,212.3,17,31
2025-05-20 12:00:00,EXC005,OP1005,412.6,,10,7,fastened,No,30.0,60,75
2025-05-20 12:00:00,EXC006,OP1015,8247.5,15.7,6,15,fastened,No,,60,75
2025-05-20 12:00:00,WL001,OP1007,5357.7,11.8,15,28,fastened,No,,40,75
2025-05-20 12:00:00,WL002,OP1008,7144.3,13.4,23,26,fastened,No,,49,75
2025-05-20 14:00:00,BH001,OP1011,2329.6,3.5,4,0,fastened,No,,27,27
2025-05-20 14:00:00,BH002,OP1014,3232.0,12.9,12,20,fastened,No,,100,120
2025-05-20 14:00:00,DZ001,OP1009,4520.0,36.1,8,15,fastened,No,,97,120
2025-05-20 14:00:00,DZ002,OP1010,9439.4,13.2,3,2,fastened,No,,38,40
2025-05-20 14:00:00,EXC001,OP1001,1644.6,5.0,7,14,fastened,No,,58,72
2025-05-20 14:00:00,EXC002,OP1002,6531.2,19.6,8,44,unfastened,Yes,,65,120
2025-05-20 14:00:00,EXC003,OP1012,4022.3,26.6,14,16,fastened,No,,104,120
2025-05-20 14:00:00,EXC004,OP1004,525.9,,9,6,fastened,No,0.0,114,120
2025-05-20 14:00:00,EXC005,OP1005,414.6,,10,36,fastened,No,0.0,84,120
2025-05-20 14:00:00,EXC006,OP1015,8248.2,2.6,0,36,fastened,Yes,,4,40
2025-05-20 14:00:00,WL001,OP1007,5359.7,22.7,28,35,fastened,No,,85,120
2025-05-20 14:00:00,WL002,OP1008,7145.0,9.1,10,4,fastened,No,,36,40
2025-05-20 16:00:00,BH001,OP1011,2329.6,0.0,0,0,fastened,No,,0,0
2025-05-20 16:00:00,BH002,OP1014,3232.4,3.1,1,2,fastened,No,,24,26
2025-05-20 16:00:00,DZ001,OP1009,4521.0,16.6,1,14,fastened,No,,46,60
2025-05-20 16:00:00,DZ002,OP1010,9440.4,18.4,3,9,fastened,No,,51,60
2025-05-20 16:00:00,EXC001,OP1001,1644.6,0.0,0,0,fastened,No,,0,0
2025-05-20 16:00:00,EXC002,OP1002,6532.2,12.6,9,11,fastened,No,,49,60
2025-05-20 16:00:00,EXC003,OP1012,4023.3,10.1,3,24,fastened,No,,36,60
2025-05-20 16:00:00,EXC004,OP1004,526.5,,3,0,fastened,No,60.0,33,36
2025-05-20 16:00:00,EXC005,OP1005,415.6,,6,4,fastened,No,1.3,51,58
2025-05-20 16:00:00,EXC006,OP1015,8249.2,10.1,5,25,fastened,No,,35,60
2025-05-20 16:00:00,WL001,OP1007,5360.7,9.5,14,26,fastened,No,,34,60
2025-05-20 16:00:00,WL002,OP1008,7146.0,12.7,13,11,fastened,No,,49,60
2025-05-21 08:00:00,BH001,OP1011,2331.6,12.6,20,24,fastened,No,,96,120
2025-05-21 08:00:00,BH002,OP1012,3234.4,17.8,17,22,fastened,No,,98,120
2025-05-21 08:00:00,DZ001,OP1009,4523.0,35.4,2,21,fastened,No,,99,120
2025-05-21 08:00:00,EXC001,OP1001,1646.6,8.8,16,17,fastened,No,,103,120
2025-05-21 08:00:00,EXC002,OP1002,6534.2,23.3,9,32,fastened,No,,88,120
2025-05-21 08:00:00,EXC003,OP1003,4025.3,24.1,12,28,fastened,No,,92,120
2025-05-21 08:00:00,EXC004,OP1004,528.5,,13,33,fastened,No,0.0,87,120
2025-05-21 08:00:00,EXC005,OP1005,417.6,,23,20,fastened,No,0.0,100,120
2025-05-21 08:00:00,EXC006,OP1015,8251.2,21.7,10,40,fastened,No,,80,120
2025-05-21 08:00:00,WL001,OP1007,5362.7,24.5,38,27,fastened,No,,93,120
2025-05-21 08:00:00,WL002,OP1008,7148.0,19.8,33,47,fastened,No,,73,120
2025-05-21 10:00:00,BH001,OP1011,2333.6,13.0,13,18,fastened,No,,95,120
2025-05-21 10:00:00,BH002,OP1012,3236.4,16.6,9,26,fastened,No,,87,120
2025-05-21 10:00:00,DZ001,OP1009,4525.0,38.6,9,9,fastened,No,,107,120
2025-05-21 10:00:00,EXC001,OP1001,1648.6,8.5,18,14,fastened,No,,95,120
2025-05-21 10:00:00,EXC002,OP1002,6536.2,26.7,7,11,fastened,No,,100,120
2025-05-21 10:00:00,EXC003,OP1003,4027.3,23.3,11,25,fastened,No,,85,120
2025-05-21 10:00:00,EXC004,OP1004,530.5,,12,19,fastened,No,0.0,91,120
2025-05-21 10:00:00,EXC005,OP1005,419.6,,21,24,fastened,No,0.0,86,120
2025-05-21 10:00:00,EXC006,OP1015,8253.2,23.8,10,31,fastened,No,,89,120
2025-05-21 10:00:00,WL001,OP1007,5364.7,22.5,23,32,unfastened,Yes,,79,120
2025-05-21 10:00:00,WL002,OP1008,7150.0,20.8,27,38,fastened,Yes,,72,120
2025-05-21 12:00:00,BH001,OP1011,2334.8,7.8,6,16,fastened,No,,59,75
2025-05-21 12:00:00,BH002,OP1012,3237.7,11.8,9,10,fastened,No,,65,75
2025-05-21 12:00:00,DZ001,OP1009,4526.3,21.8,0,15,fastened,No,,60,75
2025-05-21 12:00:00,EXC001,OP1001,1649.8,5.3,5,8,fastened,No,,59,75
2025-05-21 12:00:00,EXC002,OP1002,6537.4,16.2,9,9,fastened,No,,59,75
2025-05-21 12:00:00,EXC003,OP1003,4028.6,15.3,7,18,fastened,No,,57,75
2025-05-21 12:00:00,EXC004,OP1004,531.0,,3,2,fastened,No,212.3,23,31
2025-05-21 12:00:00,EXC005,OP1005,420.8,,3,15,fastened,No,30.0,60,75
2025-05-21 12:00:00,EXC006,OP1015,8254.4,14.2,5,21,fastened,No,,54,75
2025-05-21 12:00:00,WL001,OP1007,5366.0,13.0,32,27,fastened,No,,48,75
2025-05-21 12:00:00,WL002,OP1008,7151.2,15.1,27,17,fastened,No,,58,75
2025-05-21 14:00:00,BH001,OP1011,2336.4,11.4,11,7,fastened,No,,89,96
2025-05-21 14:00:00,BH002,OP1012,3239.7,18.2,12,15,fastened,No,,99,120
2025-05-21 14:00:00,DZ001,OP1009,4528.3,37.2,2,15,fastened,No,,101,120
2025-05-21 14:00:00,EXC001,OP1001,1651.8,7.5,18,36,fastened,Yes,,84,120
2025-05-21 14:00:00,EXC002,OP1002,6539.4,21.8,5,39,unfastened,Yes,,81,120
2025-05-21 14:00:00,EXC003,OP1003,4030.6,28.2,11,9,fastened,Yes,,111,120
2025-05-21 14:00:00,EXC004,OP1004,533.0,,9,15,fastened,No,0.0,105,120
2025-05-21 14:00:00,EXC005,OP1005,422.8,,12,10,fastened,No,0.0,100,120
2025-05-21 14:00:00,EXC006,OP1015,8256.4,18.6,5,52,fastened,Yes,,63,120
2025-05-21 14:00:00,WL001,OP1007,5368.0,24.8,35,24,fastened,No,,92,120
2025-05-21 14:00:00,WL002,OP1008,7153.1,20.1,30,39,fastened,No,,75,114
2025-05-21 16:00:00,BH001,OP1011,2336.4,0.0,0,0,fastened,No,,0,0
2025-05-21 16:00:00,BH002,OP1012,3239.7,0.0,0,0,fastened,No,,0,0
2025-05-21 16:00:00,DZ001,OP1009,4528.3,0.0,0,0,fastened,No,,0,0
2025-05-21 16:00:00,EXC001,OP1001,1652.6,3.6,6,2,fastened,No,,44,46
2025-05-21 16:00:00,EXC002,OP1002,6539.5,0.3,0,0,fastened,No,,1,1
2025-05-21 16:00:00,EXC003,OP1003,4030.6,0.0,0,0,fastened,No,,0,0
2025-05-21 16:00:00,EXC004,OP1004,533.0,,0,0,fastened,No,0.0,0,0
2025-05-21 16:00:00,EXC005,OP1005,423.2,,4,0,fastened,No,25.3,19,22
2025-05-21 16:00:00,EXC006,OP1015,8257.4,12.2,8,14,fastened,No,,46,60
2025-05-21 16:00:00,WL001,OP1007,5369.0,14.6,20,2,fastened,No,,58,60
2025-05-21 16:00:00,WL002,OP1008,7153.1,0.0,0,0,fastened,No,,0,0
2025-05-22 08:00:00,BH001,OP1011,2338.4,18.0,16,15,fastened,No,,105,120
2025-05-22 08:00:00,BH002,OP1012,3241.7,11.5,10,35,fastened,No,,85,120
2025-05-22 08:00:00,DZ001,OP1009,4530.3,35.0,5,23,fastened,No,,97,120
2025-05-22 08:00:00,DZ002,OP1010,9442.4,29.9,12,40,fastened,No,,80,120
2025-05-22 08:00:00,EXC001,OP1001,1654.6,6.5,11,51,fastened,No,,69,120
2025-05-22 08:00:00,EXC002,OP1002,6541.5,22.8,4,36,fastened,No,,84,120
2025-05-22 08:00:00,EXC004,OP1004,535.0,,8,65,fastened,Yes,0.0,55,120
2025-05-22 08:00:00,EXC005,OP1005,425.2,,14,13,fastened,No,0.0,107,120
2025-05-22 08:00:00,EXC006,OP1006,8259.4,21.3,6,42,fastened,No,,78,120
2025-05-22 08:00:00,WL001,OP1013,5371.0,23.9,29,29,fastened,No,,91,120
2025-05-22 08:00:00,WL002,OP1008,7155.1,24.7,28,25,fastened,No,,95,120
2025-05-22 10:00:00,BH001,OP1011,2340.4,17.5,11,13,fastened,No,,98,120
2025-05-22 10:00:00,BH002,OP1012,3243.7,13.2,16,15,fastened,No,,94,120
2025-05-22 10:00:00,DZ001,OP1009,4532.3,34.2,5,21,fastened,No,,91,120
2025-05-22 10:00:00,DZ002,OP1010,9444.4,36.3,2,12,fastened,No,,97,120
2025-05-22 10:00:00,EXC001,OP1001,1656.6,9.2,5,4,fastened,No,,105,120
2025-05-22 10:00:00,EXC002,OP1002,6543.5,25.8,8,13,fastened,No,,97,120
2025-05-22 10:00:00,EXC004,OP1004,537.0,,11,32,fastened,No,0.0,88,120
2025-05-22 10:00:00,EXC005,OP1005,427.2,,14,14,fastened,No,0.0,96,120
2025-05-22 10:00:00,EXC006,OP1006,8261.4,21.8,12,41,fastened,No,,79,120
2025-05-22 10:00:00,WL001,OP1013,5373.0,25.0,27,18,fastened,No,,93,120
2025-05-22 10:00:00,WL002,OP1008,7157.1,24.0,30,28,fastened,No,,88,120
2025-05-22 12:00:00,BH001,OP1011,2341.4,9.0,8,9,fastened,No,,51,60
2025-05-22 12:00:00,BH002,OP1012,3245.0,9.1,5,2,fastened,Yes,,73,75
2025-05-22 12:00:00,DZ001,OP1009,4533.5,20.1,1,20,fastened,No,,55,75
2025-05-22 12:00:00,DZ002,OP1010,9445.6,21.6,3,13,fastened,Yes,,58,75
2025-05-22 12:00:00,EXC001,OP1001,1657.6,4.2,10,10,fastened,No,,50,60
2025-05-22 12:00:00,EXC002,OP1002,6544.5,12.4,6,13,fastened,No,,47,60
2025-05-22 12:00:00,EXC004,OP1004,538.3,,10,18,fastened,No,112.5,57,75
2025-05-22 12:00:00,EXC005,OP1005,428.2,,8,10,fastened,No,30.0,50,60
2025-05-22 12:00:00,EXC006,OP1006,8262.7,13.1,5,21,fastened,No,,43,75
2025-05-22 12:00:00,WL001,OP1013,5374.0,10.7,12,21,fastened,No,,39,60
2025-05-22 12:00:00,WL002,OP1008,7158.4,13.7,21,24,fastened,No,,51,75
2025-05-22 14:00:00,BH001,OP1011,2343.2,15.8,16,11,fastened,Yes,,84,105
2025-05-22 14:00:00,BH002,OP1012,3247.0,12.9,11,16,fastened,No,,94,120
2025-05-22 14:00:00,DZ001,OP1009,4535.5,36.6,7,11,unfastened,Yes,,99,120
2025-05-22 14:00:00,DZ002,OP1010,9446.6,19.6,4,5,fastened,No,,55,60
2025-05-22 14:00:00,EXC001,OP1001,1659.4,7.3,15,19,fastened,Yes,,82,105
2025-05-22 14:00:00,EXC002,OP1002,6546.2,20.5,7,28,fastened,No,,77,105
2025-05-22 14:00:00,EXC004,OP1004,540.3,,6,45,fastened,Yes,0.0,63,120
2025-05-22 14:00:00,EXC005,OP1005,429.7,,4,13,fastened,No,0.0,80,93
2025-05-22 14:00:00,EXC006,OP1006,8264.7,24.6,10,24,fastened,No,,92,120
2025-05-22 14:00:00,WL001,OP1013,5375.3,18.3,26,12,fastened,No,,71,83
2025-05-22 14:00:00,WL002,OP1008,7160.4,25.4,27,23,fastened,No,,97,120
2025-05-22 16:00:00,BH001,OP1011,2344.2,9.9,6,0,fastened,No,,60,60
2025-05-22 16:00:00,BH002,OP1012,3248.0,6.4,11,11,fastened,No,,49,60
2025-05-22 16:00:00,DZ001,OP1009,4536.5,17.9,1,9,fastened,No,,51,60
2025-05-22 16:00:00,DZ002,OP1010,9446.6,0.0,0,0,fastened,No,,0,0
2025-05-22 16:00:00,EXC001,OP1001,1660.4,4.5,8,5,fastened,No,,52,60
2025-05-22 16:00:00,EXC002,OP1002,6546.8,8.1,4,4,fastened,No,,32,36
2025-05-22 16:00:00,EXC004,OP1004,540.4,,0,1,fastened,No,125.0,6,10
2025-05-22 16:00:00,EXC005,OP1005,429.7,,0,0,fastened,No,0.0,0,0
2025-05-22 16:00:00,EXC006,OP1006,8265.7,11.3,6,17,fastened,No,,43,60
2025-05-22 16:00:00,WL001,OP1013,5375.3,0.0,0,0,fastened,No,,0,0
2025-05-22 16:00:00,WL002,OP1008,7160.6,4.3,5,0,fastened,No,,17,17
2025-05-23 08:00:00,BH001,OP1011,2346.2,13.9,18,12,fastened,No,,108,120
2025-05-23 08:00:00,DZ001,OP1009,4538.5,32.5,5,32,fastened,No,,88,120
2025-05-23 08:00:00,DZ002,OP1010,9448.6,36.6,1,17,fastened,No,,103,120
2025-05-23 08:00:00,EXC001,OP1001,1662.4,9.2,17,10,fastened,No,,110,120
2025-05-23 08:00:00,EXC002,OP1002,6548.8,22.1,15,37,fastened,No,,79,120
2025-05-23 08:00:00,EXC003,OP1003,4032.6,23.0,16,33,fastened,No,,87,120
2025-05-23 08:00:00,EXC004,OP1004,542.4,,11,30,fastened,No,0.0,90,120
2025-05-23 08:00:00,EXC005,OP1005,431.7,,17,12,fastened,No,0.0,108,120
2025-05-23 08:00:00,EXC006,OP1006,8267.7,23.0,13,33,fastened,Yes,,87,120
2025-05-23 08:00:00,WL001,OP1007,5377.3,21.9,26,38,fastened,No,,82,120
2025-05-23 08:00:00,WL002,OP1008,7162.6,21.2,29,41,fastened,No,,79,120
2025-05-23 10:00:00,BH001,OP1011,2348.2,13.0,21,20,fastened,No,,100,120
2025-05-23 10:00:00,DZ001,OP1009,4540.5,36.2,1,16,fastened,No,,99,120
2025-05-23 10:00:00,DZ002,OP1010,9450.6,35.5,4,18,fastened,No,,94,120
2025-05-23 10:00:00,EXC001,OP1001,1664.4,9.3,12,5,fastened,No,,108,120
2025-05-23 10:00:00,EXC002,OP1002,6550.8,24.5,13,25,fastened,No,,91,120
2025-05-23 10:00:00,EXC003,OP1003,4034.6,28.7,17,3,fastened,No,,112,120
2025-05-23 10:00:00,EXC004,OP1004,544.4,,12,15,fastened,No,0.0,93,120
2025-05-23 10:00:00,EXC005,OP1005,433.7,,15,17,fastened,No,0.0,96,120
2025-05-23 10:00:00,EXC006,OP1006,8269.7,24.0,7,28,fastened,No,,92,120
2025-05-23 10:00:00,WL001,OP1007,5379.3,21.7,27,36,fastened,No,,79,120
2025-05-23 10:00:00,WL002,OP1008,7164.6,22.6,20,32,fastened,No,,82,120
2025-05-23 12:00:00,BH001,OP1011,2349.4,8.8,6,2,fastened,No,,63,75
2025-05-23 12:00:00,DZ001,OP1009,4541.8,23.1,3,10,fastened,No,,65,75
2025-05-23 12:00:00,DZ002,OP1010,9451.9,24.7,4,6,fastened,No,,69,75
2025-05-23 12:00:00,EXC001,OP1001,1665.6,5.8,10,5,fastened,No,,70,75
2025-05-23 12:00:00,EXC002,OP1002,6552.1,16.4,9,10,fastened,No,,65,75
2025-05-23 12:00:00,EXC003,OP1003,4035.8,14.7,10,14,fastened,No,,50,75
2025-05-23 12:00:00,EXC004,OP1004,545.0,,1,5,fastened,No,212.4,20,31
2025-05-23 12:00:00,EXC005,OP1005,435.0,,8,7,fastened,No,30.0,57,75
2025-05-23 12:00:00,EXC006,OP1006,8270.9,15.0,5,17,fastened,No,,54,75
2025-05-23 12:00:00,WL001,OP1007,5380.6,14.5,10,21,fastened,No,,54,75
2025-05-23 12:00:00,WL002,OP1008,7165.9,14.4,22,21,fastened,No,,54,75
2025-05-23 14:00:00,BH001,OP1011,2351.4,10.1,7,53,fastened,Yes,,67,120
2025-05-23 14:00:00,DZ001,OP1009,4543.8,34.2,7,22,fastened,No,,90,120
2025-05-23 14:00:00,DZ002,OP1010,9452.8,16.4,4,9,fastened,No,,45,54
2025-05-23 14:00:00,EXC001,OP1001,1667.6,9.2,21,9,fastened,No,,111,120
2025-05-23 14:00:00,EXC002,OP1002,6553.0,10.8,8,17,fastened,No,,41,58
2025-05-23 14:00:00,EXC003,OP1003,4037.8,23.0,13,34,fastened,No,,86,120
2025-05-23 14:00:00,EXC004,OP1004,547.0,,17,35,fastened,No,0.0,85,120
2025-05-23 14:00:00,EXC005,OP1005,436.7,,13,11,fastened,No,0.0,92,103
2025-05-23 14:00:00,EXC006,OP1006,8272.9,26.5,11,17,fastened,No,,103,120
2025-05-23 14:00:00,WL001,OP1007,5382.6,19.3,25,51,fastened,Yes,,69,120
2025-05-23 14:00:00,WL002,OP1008,7167.9,24.9,26,21,fastened,No,,94,120
2025-05-23 16:00:00,BH001,OP1011,2352.4,7.6,7,0,fastened,No,,60,60
2025-05-23 16:00:00,DZ001,OP1009,4544.8,19.8,2,5,fastened,No,,55,60
2025-05-23 16:00:00,DZ002,OP1010,9452.8,0.0,0,0,fastened,No,,0,0
2025-05-23 16:00:00,EXC001,OP1001,1667.8,0.8,0,0,fastened,No,,9,9
2025-05-23 16:00:00,EXC002,OP1002,6553.0,0.0,0,0,fastened,No,,0,0
2025-05-23 16:00:00,EXC003,OP1003,4038.1,1.6,1,12,fastened,No,,4,16
2025-05-23 16:00:00,EXC004,OP1004,548.0,,7,14,fastened,No,0.0,46,60
2025-05-23 16:00:00,EXC005,OP1005,436.7,,0,0,fastened,No,0.0,0,0
2025-05-23 16:00:00,EXC006,OP1006,8273.9,10.4,4,22,fastened,No,,38,60
2025-05-23 16:00:00,WL001,OP1007,5383.6,7.6,8,36,fastened,No,,24,60
2025-05-23 16:00:00,WL002,OP1008,7168.9,14.4,20,2,fastened,No,,58,60
2025-05-24 08:00:00,BH001,OP1011,2354.4,12.6,15,24,fastened,No,,96,120
2025-05-24 08:00:00,BH002,OP1012,3250.0,17.9,11,16,fastened,No,,104,120
2025-05-24 08:00:00,DZ001,OP1009,4546.8,39.4,4,10,fastened,No,,110,120
2025-05-24 08:00:00,DZ002,OP1010,9454.8,37.0,3,16,fastened,No,,104,120
2025-05-24 08:00:00,EXC001,OP1001,1669.8,8.7,15,16,fastened,No,,104,120
2025-05-24 08:00:00,EXC002,OP1002,6555.0,21.5,5,40,fastened,No,,80,120
2025-05-24 08:00:00,EXC003,OP1003,4040.1,21.6,14,41,fastened,Yes,,79,120
2025-05-24 08:00:00,EXC004,OP1004,550.0,,7,36,fastened,No,0.0,84,120
2025-05-24 08:00:00,EXC005,OP1005,438.7,,19,13,fastened,No,0.0,107,120
2025-05-24 08:00:00,EXC006,OP1006,8275.9,21.5,13,37,fastened,No,,77,120
2025-05-24 08:00:00,WL001,OP1007,5385.6,22.1,19,37,fastened,No,,83,120
2025-05-24 08:00:00,WL002,OP1008,7170.9,21.6,33,41,fastened,No,,79,120
2025-05-24 10:00:00,BH001,OP1011,2356.4,13.9,14,7,fastened,No,,104,120
2025-05-24 10:00:00,BH002,OP1012,3252.0,17.2,15,20,fastened,No,,94,120
2025-05-24 10:00:00,DZ001,OP1009,4548.8,33.0,3,22,fastened,No,,86,120
2025-05-24 10:00:00,DZ002,OP1010,9456.8,27.3,7,45,unfastened,Yes,,68,120
2025-05-24 10:00:00,EXC001,OP1001,1671.8,8.3,11,20,fastened,No,,96,120
2025-05-24 10:00:00,EXC002,OP1002,6557.0,22.2,9,34,fastened,No,,80,120
2025-05-24 10:00:00,EXC003,OP1003,4042.1,19.4,8,45,fastened,No,,63,120
2025-05-24 10:00:00,EXC004,OP1004,552.0,,10,50,fastened,No,0.0,70,120
2025-05-24 10:00:00,EXC005,OP1005,440.7,,17,11,fastened,No,0.0,99,120
2025-05-24 10:00:00,EXC006,OP1006,8277.9,25.6,7,22,fastened,No,,98,120
2025-05-24 10:00:00,WL001,OP1007,5387.6,24.6,27,21,fastened,No,,87,120
2025-05-24 10:00:00,WL002,OP1008,7172.9,22.5,24,32,fastened,No,,81,120
2025-05-24 12:00:00,BH001,OP1011,2357.7,8.4,10,10,fastened,No,,65,75
2025-05-24 12:00:00,BH002,OP1012,3253.2,10.6,10,15,fastened,No,,60,75
2025-05-24 12:00:00,DZ001,OP1009,4550.0,21.7,3,15,fastened,No,,58,75
2025-05-24 12:00:00,DZ002,OP1010,9458.0,22.1,3,13,fastened,No,,62,75
2025-05-24 12:00:00,EXC001,OP1001,1673.0,5.1,9,9,fastened,No,,55,75
2025-05-24 12:00:00,EXC002,OP1002,6558.3,15.1,6,18,fastened,No,,57,75
2025-05-24 12:00:00,EXC003,OP1003,4043.3,14.2,9,23,fastened,No,,52,75
2025-05-24 12:00:00,EXC004,OP1004,553.2,,5,34,fastened,No,112.5,41,75
2025-05-24 12:00:00,EXC005,OP1005,441.5,,6,9,fastened,No,45.6,33,48
2025-05-24 12:00:00,EXC006,OP1006,8279.2,13.7,5,22,fastened,No,,49,75
2025-05-24 12:00:00,WL001,OP1007,5388.8,13.8,21,23,fastened,No,,52,75
2025-05-24 12:00:00,WL002,OP1008,7174.2,17.9,28,4,fastened,No,,71,75
2025-05-24 14:00:00,BH001,OP1011,2359.7,13.2,23,14,fastened,No,,100,120
2025-05-24 14:00:00,BH002,OP1012,3253.9,6.1,6,5,fastened,No,,35,40
2025-05-24 14:00:00,DZ001,OP1009,4550.7,12.3,1,0,fastened,No,,32,40
2025-05-24 14:00:00,DZ002,OP1010,9460.0,33.4,7,25,fastened,No,,88,120
2025-05-24 14:00:00,EXC001,OP1001,1675.0,8.9,9,14,fastened,No,,106,120
2025-05-24 14:00:00,EXC002,OP1002,6560.3,17.2,8,64,fastened,Yes,,56,120
2025-05-24 14:00:00,EXC003,OP1003,4044.0,6.3,0,18,fastened,No,,22,40
2025-05-24 14:00:00,EXC004,OP1004,553.9,,4,14,fastened,No,0.0,26,40
2025-05-24 14:00:00,EXC005,OP1005,442.6,,6,19,fastened,No,0.0,45,64
2025-05-24 14:00:00,EXC006,OP1006,8281.2,23.9,12,28,fastened,No,,88,120
2025-05-24 14:00:00,WL001,OP1007,5390.8,23.8,29,27,fastened,No,,87,120
2025-05-24 14:00:00,WL002,OP1008,7175.6,18.3,20,19,fastened,No,,70,89
2025-05-24 16:00:00,BH001,OP1011,2360.7,7.4,10,2,fastened,No,,58,60
2025-05-24 16:00:00,BH002,OP1012,3254.9,8.6,7,10,fastened,No,,50,60
2025-05-24 16:00:00,DZ001,OP1009,4551.7,19.5,3,5,fastened,No,,55,60
2025-05-24 16:00:00,DZ002,OP1010,9460.8,9.6,0,18,fastened,No,,25,43
2025-05-24 16:00:00,EXC001,OP1001,1676.0,3.6,8,20,fastened,No,,40,60
2025-05-24 16:00:00,EXC002,OP1002,6561.1,10.7,5,10,fastened,No,,41,51
2025-05-24 16:00:00,EXC003,OP1003,4045.0,7.8,2,34,fastened,No,,26,60
2025-05-24 16:00:00,EXC004,OP1004,554.9,,6,10,fastened,No,0.0,42,60
2025-05-24 16:00:00,EXC005,OP1005,442.6,,0,0,fastened,No,0.0,0,0
2025-05-24 16:00:00,EXC006,OP1006,8282.2,10.9,10,20,fastened,No,,40,60
2025-05-24 16:00:00,WL001,OP1007,5391.8,14.3,18,4,fastened,No,,56,60
2025-05-24 16:00:00,WL002,OP1008,7175.6,0.0,0,0,fastened,No,,0,0
2025-05-26 08:00:00,BH001,OP1011,2362.7,12.4,12,26,fastened,No,,94,120
2025-05-26 08:00:00,BH002,OP1012,3256.9,11.6,11,34,fastened,No,,86,120
2025-05-26 08:00:00,DZ001,OP1009,4553.7,30.9,3,37,fastened,No,,83,120
2025-05-26 08:00:00,DZ002,OP1010,9462.8,35.5,6,17,fastened,No,,94,120
2025-05-26 08:00:00,EXC001,OP1001,1678.0,7.3,17,41,fastened,No,,79,120
2025-05-26 08:00:00,EXC002,OP1005,6563.1,22.9,7,35,fastened,No,,85,120
2025-05-26 08:00:00,EXC003,OP1014,4047.0,19.4,8,51,fastened,No,,69,120
2025-05-26 08:00:00,EXC004,OP1004,556.9,,10,14,fastened,No,0.0,106,120
2025-05-26 08:00:00,EXC005,OP1005,444.6,,12,26,fastened,No,0.0,94,120
2025-05-26 08:00:00,EXC006,OP1006,8284.2,23.7,9,29,fastened,No,,91,120
2025-05-26 08:00:00,WL001,OP1007,5393.8,19.0,18,53,fastened,No,,67,120
2025-05-26 08:00:00,WL002,OP1015,7177.6,21.5,22,41,fastened,No,,79,120
2025-05-26 10:00:00,BH001,OP1011,2364.7,13.5,13,10,fastened,No,,99,120
2025-05-26 10:00:00,BH002,OP1012,3258.9,14.2,12,5,fastened,No,,110,120
2025-05-26 10:00:00,DZ001,OP1009,4555.7,33.6,9,24,fastened,No,,92,120
2025-05-26 10:00:00,DZ002,OP1010,9464.8,39.3,3,11,fastened,No,,109,120
2025-05-26 10:00:00,EXC001,OP1001,1680.0,8.2,17,23,fastened,No,,97,120
2025-05-26 10:00:00,EXC002,OP1005,6565.1,21.5,7,42,fastened,No,,78,120
2025-05-26 10:00:00,EXC003,OP1014,4049.0,23.1,13,34,unfastened,Yes,,86,120
2025-05-26 10:00:00,EXC004,OP1004,558.8,,12,27,fastened,No,12.5,85,115
2025-05-26 10:00:00,EXC005,OP1005,446.6,,11,26,fastened,No,0.0,88,120
2025-05-26 10:00:00,EXC006,OP1006,8286.2,26.0,16,15,fastened,No,,99,120
2025-05-26 10:00:00,WL001,OP1007,5395.8,18.8,24,54,fastened,No,,66,120
2025-05-26 10:00:00,WL002,OP1015,7179.6,23.5,25,29,fastened,Yes,,82,120
2025-05-26 12:00:00,BH001,OP1011,2365.9,5.2,6,41,fastened,Yes,,34,75
2025-05-26 12:00:00,BH002,OP1012,3260.1,8.1,7,12,fastened,No,,63,75
2025-05-26 12:00:00,DZ001,OP1009,4557.0,20.7,1,10,fastened,No,,53,75
2025-05-26 12:00:00,DZ002,OP1010,9465.4,13.3,2,2,fastened,No,,37,39
2025-05-26 12:00:00,EXC001,OP1001,1681.2,5.5,7,5,fastened,No,,64,75
2025-05-26 12:00:00,EXC002,OP1005,6566.4,15.2,12,17,fastened,No,,58,75
2025-05-26 12:00:00,EXC003,OP1014,4050.2,14.6,2,16,fastened,No,,51,75
2025-05-26 12:00:00,EXC004,OP1004,559.4,,1,5,fastened,No,199.7,28,36
2025-05-26 12:00:00,EXC005,OP1005,447.8,,9,7,fastened,No,30.0,68,75
2025-05-26 12:00:00,EXC006,OP1006,8287.4,11.7,5,35,fastened,No,,40,75
2025-05-26 12:00:00,WL001,OP1007,5397.1,9.7,16,43,fastened,No,,32,75
2025-05-26 12:00:00,WL002,OP1015,7180.9,14.3,18,21,fastened,No,,54,75
2025-05-26 14:00:00,BH001,OP1011,2367.9,12.3,19,27,fastened,No,,93,120
2025-05-26 14:00:00,BH002,OP1012,3262.1,12.9,5,21,fastened,No,,99,120
2025-05-26 14:00:00,DZ001,OP1009,4559.0,35.5,3,16,fastened,Yes,,92,120
2025-05-26 14:00:00,DZ002,OP1010,9465.4,0.0,0,0,fastened,No,,0,0
2025-05-26 14:00:00,EXC001,OP1001,1683.2,8.5,18,20,fastened,No,,100,120
2025-05-26 14:00:00,EXC002,OP1005,6568.4,25.5,10,16,fastened,No,,95,120
2025-05-26 14:00:00,EXC003,OP1014,4052.2,26.2,7,16,fastened,No,,99,120
2025-05-26 14:00:00,EXC004,OP1004,561.4,,7,35,fastened,No,0.0,75,120
2025-05-26 14:00:00,EXC005,OP1005,449.8,,17,29,fastened,No,0.0,80,120
2025-05-26 14:00:00,EXC006,OP1006,8289.4,22.8,11,31,fastened,No,,81,120
2025-05-26 14:00:00,WL001,OP1007,5399.1,22.1,36,34,fastened,Yes,,81,120
2025-05-26 14:00:00,WL002,OP1015,7182.9,22.1,18,39,fastened,No,,81,120
2025-05-26 16:00:00,BH001,OP1011,2368.9,6.2,5,13,fastened,No,,47,60
2025-05-26 16:00:00,BH002,OP1012,3263.1,5.9,4,11,fastened,No,,37,60
2025-05-26 16:00:00,DZ001,OP1009,4560.0,19.4,0,7,fastened,No,,53,60
2025-05-26 16:00:00,DZ002,OP1010,9465.4,0.0,0,0,fastened,No,,0,0
2025-05-26 16:00:00,EXC001,OP1001,1683.4,0.6,5,3,fastened,No,,7,10
2025-05-26 16:00:00,EXC002,OP1005,6569.4,11.2,3,18,fastened,No,,42,60
2025-05-26 16:00:00,EXC003,OP1014,4053.2,11.7,7,16,fastened,No,,44,60
2025-05-26 16:00:00,EXC004,OP1004,562.4,,7,15,fastened,No,0.0,45,60
2025-05-26 16:00:00,EXC005,OP1005,450.5,,3,0,fastened,No,12.0,39,42
2025-05-26 16:00:00,EXC006,OP1006,8290.4,12.5,4,12,fastened,No,,48,60
2025-05-26 16:00:00,WL001,OP1007,5400.1,11.0,21,20,fastened,No,,40,60
2025-05-26 16:00:00,WL002,OP1015,7183.9,9.1,7,28,fastened,No,,32,60
2025-05-27 08:00:00,BH001,OP1011,2370.9,12.4,13,25,fastened,No,,95,120
2025-05-27 08:00:00,BH002,OP1012,3265.1,17.5,9,17,fastened,No,,103,120
2025-05-27 08:00:00,DZ001,OP1009,4562.0,34.4,8,26,fastened,No,,94,120
2025-05-27 08:00:00,DZ002,OP1010,9467.4,37.6,6,15,fastened,No,,105,120
2025-05-27 08:00:00,EXC001,OP1001,1685.4,8.2,11,25,fastened,No,,95,120
2025-05-27 08:00:00,EXC002,OP1002,6571.4,24.3,11,28,fastened,No,,92,120
2025-05-27 08:00:00,EXC003,OP1003,4055.2,25.3,9,22,fastened,No,,98,120
2025-05-27 08:00:00,EXC004,OP1004,564.4,,16,28,fastened,No,0.0,92,120
2025-05-27 08:00:00,EXC005,OP1005,452.5,,12,26,fastened,No,0.0,94,120
2025-05-27 08:00:00,EXC006,OP1015,8292.4,26.4,9,16,fastened,No,,104,120
2025-05-27 08:00:00,WL001,OP1007,5402.1,22.3,38,36,fastened,No,,84,120
2025-05-27 08:00:00,WL002,OP1008,7185.9,23.9,38,28,fastened,No,,92,120
2025-05-27 10:00:00,BH001,OP1011,2372.9,12.2,11,23,fastened,No,,85,120
2025-05-27 10:00:00,BH002,OP1012,3267.1,15.3,12,28,fastened,No,,81,120
2025-05-27 10:00:00,DZ001,OP1009,4564.0,34.6,1,16,fastened,No,,92,120
2025-05-27 10:00:00,DZ002,OP1010,9469.4,34.4,4,19,fastened,No,,89,120
2025-05-27 10:00:00,EXC001,OP1001,1687.4,7.8,13,24,fastened,No,,90,120
2025-05-27 10:00:00,EXC002,OP1002,6573.4,23.8,9,28,fastened,No,,88,120
2025-05-27 10:00:00,EXC003,OP1003,4057.2,25.9,9,17,fastened,No,,99,120
2025-05-27 10:00:00,EXC004,OP1004,566.4,,5,20,fastened,No,0.0,100,120
2025-05-27 10:00:00,EXC005,OP1005,454.5,,15,23,fastened,No,0.0,88,120
2025-05-27 10:00:00,EXC006,OP1015,8294.4,24.3,14,22,fastened,No,,88,120
2025-05-27 10:00:00,WL001,OP1007,5404.1,20.7,30,44,fastened,No,,76,120
2025-05-27 10:00:00,WL002,OP1008,7187.9,18.0,19,54,fastened,No,,60,120
2025-05-27 12:00:00,BH001,OP1011,2374.2,8.8,12,6,fastened,No,,69,75
2025-05-27 12:00:00,BH002,OP1012,3268.4,10.8,7,12,fastened,No,,63,75
2025-05-27 12:00:00,DZ001,OP1009,4565.2,24.0,2,8,fastened,No,,67,75
2025-05-27 12:00:00,DZ002,OP1010,9470.5,22.6,4,2,fastened,No,,65,67
2025-05-27 12:00:00,EXC001,OP1001,1688.7,5.2,9,15,unfastened,Yes,,60,75
2025-05-27 12:00:00,EXC002,OP1002,6574.6,13.4,6,25,fastened,No,,50,75
2025-05-27 12:00:00,EXC003,OP1003,4058.5,16.8,9,8,fastened,No,,65,75
2025-05-27 12:00:00,EXC004,OP1004,566.9,,2,6,fastened,No,212.0,7,31
2025-05-27 12:00:00,EXC005,OP1005,455.8,,9,8,fastened,No,30.0,67,75
2025-05-27 12:00:00,EXC006,OP1015,8295.7,16.0,10,13,fastened,No,,62,75
2025-05-27 12:00:00,WL001,OP1007,5405.3,11.0,8,32,fastened,No,,34,75
2025-05-27 12:00:00,WL002,OP1008,7189.1,14.7,17,19,fastened,No,,56,75
2025-05-27 14:00:00,BH001,OP1011,2376.2,13.2,24,18,fastened,No,,102,120
2025-05-27 14:00:00,BH002,OP1012,3270.4,16.6,19,20,fastened,No,,90,120
2025-05-27 14:00:00,DZ001,OP1009,4567.2,32.7,4,28,fastened,No,,87,120
2025-05-27 14:00:00,DZ002,OP1010,9471.6,17.9,1,12,fastened,No,,50,62
2025-05-27 14:00:00,EXC001,OP1001,1690.7,8.6,15,16,unfastened,Yes,,100,120
2025-05-27 14:00:00,EXC002,OP1002,6576.5,21.8,10,31,fastened,No,,82,113
2025-05-27 14:00:00,EXC003,OP1003,4060.5,24.3,8,25,fastened,No,,91,120
2025-05-27 14:00:00,EXC004,OP1004,568.9,,13,26,unfastened,Yes,0.0,94,120
2025-05-27 14:00:00,EXC005,OP1005,457.8,,13,36,fastened,No,0.0,84,120
2025-05-27 14:00:00,EXC006,OP1015,8297.7,23.6,11,25,fastened,No,,85,120
2025-05-27 14:00:00,WL001,OP1007,5407.3,22.0,30,38,fastened,No,,82,120
2025-05-27 14:00:00,WL002,OP1008,7191.1,22.5,26,34,fastened,No,,82,120
2025-05-27 16:00:00,BH001,OP1011,2377.2,6.8,4,7,fastened,No,,53,60
2025-05-27 16:00:00,BH002,OP1012,3271.0,6.0,6,5,fastened,No,,35,40
2025-05-27 16:00:00,DZ001,OP1009,4567.9,10.9,5,10,fastened,No,,30,40
2025-05-27 16:00:00,DZ002,OP1010,9471.6,0.0,0,0,fastened,No,,0,0
2025-05-27 16:00:00,EXC001,OP1001,1691.0,1.7,5,0,fastened,No,,21,21
2025-05-27 16:00:00,EXC002,OP1002,6576.5,0.0,0,0,fastened,No,,0,0
2025-05-27 16:00:00,EXC003,OP1003,4061.2,5.6,1,21,fastened,No,,19,40
2025-05-27 16:00:00,EXC004,OP1004,569.6,,3,4,fastened,No,0.0,36,40
2025-05-27 16:00:00,EXC005,OP1005,458.0,,0,0,fastened,No,0.0,11,11
2025-05-27 16:00:00,EXC006,OP1015,8298.7,9.8,5,26,fastened,No,,34,60
2025-05-27 16:00:00,WL001,OP1007,5408.3,10.9,9,21,fastened,No,,39,60
2025-05-27 16:00:00,WL002,OP1008,7192.1,11.1,15,19,fastened,No,,41,60
2025-05-28 08:00:00,BH001,OP1011,2379.2,11.7,10,32,fastened,No,,88,120
2025-05-28 08:00:00,BH002,OP1014,3273.0,12.5,19,25,fastened,No,,95,120
2025-05-28 08:00:00,DZ001,OP1009,4569.9,38.0,6,14,fastened,No,,106,120
2025-05-28 08:00:00,DZ002,OP1010,9473.6,33.5,6,30,fastened,No,,90,120
2025-05-28 08:00:00,EXC001,OP1001,1693.0,8.2,16,23,fastened,No,,97,120
2025-05-28 08:00:00,EXC002,OP1002,6578.5,19.7,7,50,fastened,No,,70,120
2025-05-28 08:00:00,EXC003,OP1003,4063.2,27.0,14,14,fastened,No,,106,120
2025-05-28 08:00:00,EXC004,OP1004,571.6,,11,27,fastened,Yes,0.0,93,120
2025-05-28 08:00:00,EXC006,OP1006,8300.7,16.8,5,64,fastened,No,,56,120
2025-05-28 08:00:00,WL001,OP1007,5410.3,21.7,22,38,fastened,No,,82,120
2025-05-28 08:00:00,WL002,OP1008,7194.1,23.5,29,31,fastened,No,,89,120
2025-05-28 10:00:00,BH001,OP1011,2381.2,13.5,13,11,fastened,No,,101,120
2025-05-28 10:00:00,BH002,OP1014,3275.0,10.7,10,44,fastened,No,,76,120
2025-05-28 10:00:00,DZ001,OP1009,4571.9,38.9,5,4,fastened,No,,105,120
2025-05-28 10:00:00,DZ002,OP1010,9475.6,28.4,9,38,fastened,No,,70,120
2025-05-28 10:00:00,EXC001,OP1001,1695.0,8.0,8,20,fastened,No,,90,120
2025-05-28 10:00:00,EXC002,OP1002,6580.5,23.3,3,29,fastened,No,,83,120
2025-05-28 10:00:00,EXC003,OP1003,4065.2,23.0,11,28,fastened,No,,82,120
2025-05-28 10:00:00,EXC004,OP1004,573.6,,11,24,fastened,No,0.0,93,120
2025-05-28 10:00:00,EXC006,OP1006,8302.7,23.0,5,26,fastened,No,,83,120
2025-05-28 10:00:00,WL001,OP1007,5412.3,22.5,32,36,fastened,No,,84,120
2025-05-28 10:00:00,WL002,OP1008,7196.1,25.2,31,18,fastened,No,,93,120
2025-05-28 12:00:00,BH001,OP1011,2382.4,8.6,9,6,fastened,No,,65,75
2025-05-28 12:00:00,BH002,OP1014,3276.3,8.4,9,9,fastened,No,,62,75
2025-05-28 12:00:00,DZ001,OP1009,4573.1,22.3,1,14,fastened,No,,61,75
2025-05-28 12:00:00,DZ002,OP1010,9476.8,21.8,3,15,fastened,No,,60,75
2025-05-28 12:00:00,EXC001,OP1001,1696.3,5.4,8,12,fastened,No,,63,75
2025-05-28 12:00:00,EXC002,OP1002,6581.8,16.4,3,10,fastened,No,,62,75
2025-05-28 12:00:00,EXC003,OP1003,4066.4,13.7,4,24,fastened,No,,51,75
2025-05-28 12:00:00,EXC004,OP1004,574.1,,1,8,fastened,Yes,213.9,19,30
2025-05-28 12:00:00,EXC006,OP1006,8303.9,17.0,10,8,fastened,No,,67,75
2025-05-28 12:00:00,WL001,OP1007,5413.6,12.4,21,27,fastened,No,,43,75
2025-05-28 12:00:00,WL002,OP1008,7197.4,14.9,19,18,fastened,No,,57,75
2025-05-28 14:00:00,BH001,OP1011,2384.4,12.7,14,22,fastened,No,,98,120
2025-05-28 14:00:00,BH002,OP1014,3278.3,13.8,13,11,fastened,No,,109,120
2025-05-28 14:00:00,DZ001,OP1009,4575.1,37.4,2,14,fastened,No,,101,120
2025-05-28 14:00:00,DZ002,OP1010,9478.8,34.6,3,21,fastened,No,,94,120
2025-05-28 14:00:00,EXC001,OP1001,1697.8,6.6,7,11,fastened,No,,78,89
2025-05-28 14:00:00,EXC002,OP1002,6583.8,25.6,5,21,fastened,No,,98,120
2025-05-28 14:00:00,EXC003,OP1003,4068.4,25.8,12,15,fastened,No,,98,120
2025-05-28 14:00:00,EXC004,OP1004,576.1,,7,79,fastened,No,0.0,41,120
2025-05-28 14:00:00,EXC006,OP1006,8305.9,25.3,9,17,fastened,No,,95,120
2025-05-28 14:00:00,WL001,OP1007,5415.6,22.4,35,36,fastened,No,,84,120
2025-05-28 14:00:00,WL002,OP1008,7199.4,24.3,51,24,fastened,No,,90,120
2025-05-28 16:00:00,BH001,OP1011,2384.9,3.5,5,0,fastened,No,,28,28
2025-05-28 16:00:00,BH002,OP1014,3279.3,5.6,5,19,fastened,No,,41,60
2025-05-28 16:00:00,DZ001,OP1009,4576.1,17.0,1,13,fastened,No,,47,60
2025-05-28 16:00:00,DZ002,OP1010,9479.8,17.2,3,13,fastened,No,,47,60
2025-05-28 16:00:00,EXC001,OP1001,1697.8,0.0,0,0,fastened,No,,0,0
2025-05-28 16:00:00,EXC002,OP1002,6584.2,5.7,5,0,fastened,No,,23,23
2025-05-28 16:00:00,EXC003,OP1003,4069.4,11.8,3,15,fastened,No,,45,60
2025-05-28 16:00:00,EXC004,OP1004,577.1,,4,7,fastened,No,0.0,48,60
2025-05-28 16:00:00,EXC006,OP1006,8306.9,13.0,4,10,fastened,No,,50,60
2025-05-28 16:00:00,WL001,OP1007,5416.6,11.2,7,13,fastened,No,,38,60
2025-05-28 16:00:00,WL002,OP1008,7200.4,12.4,22,13,fastened,No,,47,60
2025-05-29 08:00:00,BH001,OP1011,2386.9,13.9,14,13,fastened,No,,107,120
2025-05-29 08:00:00,BH002,OP1014,3281.3,12.2,14,28,fastened,No,,92,120
2025-05-29 08:00:00,DZ001,OP1009,4578.1,31.8,6,33,fastened,No,,87,120
2025-05-29 08:00:00,DZ002,OP1006,9481.8,29.9,1,40,fastened,No,,80,120
2025-05-29 08:00:00,EXC001,OP1013,1699.8,8.7,23,17,fastened,No,,103,120
2025-05-29 08:00:00,EXC002,OP1002,6586.2,24.9,12,25,fastened,No,,95,120
2025-05-29 08:00:00,EXC003,OP1003,4071.4,23.5,12,31,fastened,No,,89,120
2025-05-29 08:00:00,EXC004,OP1004,579.1,,9,34,fastened,No,0.0,86,120
2025-05-29 08:00:00,EXC005,OP1005,460.0,,15,22,fastened,No,0.0,98,120
2025-05-29 08:00:00,EXC006,OP1006,8308.9,15.8,11,69,fastened,No,,51,120
2025-05-29 08:00:00,WL001,OP1007,5418.6,20.3,27,46,fastened,No,,74,120
2025-05-29 08:00:00,WL002,OP1008,7202.4,20.8,27,43,fastened,No,,77,120
2025-05-29 10:00:00,BH001,OP1011,2388.9,12.9,18,19,fastened,No,,97,120
2025-05-29 10:00:00,BH002,OP1014,3283.3,13.2,22,17,fastened,No,,103,120
2025-05-29 10:00:00,DZ001,OP1009,4580.1,37.0,2,14,fastened,No,,101,120
2025-05-29 10:00:00,DZ002,OP1006,9483.8,38.6,3,8,fastened,No,,104,120
2025-05-29 10:00:00,EXC001,OP1013,1701.8,8.6,11,13,fastened,No,,97,120
2025-05-29 10:00:00,EXC002,OP1002,6588.2,26.2,11,13,fastened,No,,97,120
2025-05-29 10:00:00,EXC003,OP1003,4073.4,25.0,18,23,fastened,No,,97,120
2025-05-29 10:00:00,EXC004,OP1004,581.1,,13,30,fastened,No,0.0,83,120
2025-05-29 10:00:00,EXC005,OP1005,462.0,,14,20,fastened,No,0.0,96,120
2025-05-29 10:00:00,EXC006,OP1006,8310.9,21.2,10,42,fastened,No,,78,120
2025-05-29 10:00:00,WL001,OP1007,5420.6,23.1,33,28,unfastened,Yes,,82,120
2025-05-29 10:00:00,WL002,OP1008,7204.4,26.7,36,9,fastened,No,,99,120
2025-05-29 12:00:00,BH001,OP1011,2390.1,8.8,12,5,fastened,No,,70,75
2025-05-29 12:00:00,BH002,OP1014,3284.5,6.5,4,27,fastened,Yes,,43,75
2025-05-29 12:00:00,DZ001,OP1009,4581.4,23.4,1,9,fastened,No,,66,75
2025-05-29 12:00:00,DZ002,OP1006,9485.0,24.0,3,4,fastened,No,,65,75
2025-05-29 12:00:00,EXC001,OP1013,1703.0,5.6,7,9,fastened,No,,66,75
2025-05-29 12:00:00,EXC002,OP1002,6589.4,16.2,7,12,fastened,No,,63,75
2025-05-29 12:00:00,EXC003,OP1003,4074.6,12.9,4,27,fastened,No,,44,75
2025-05-29 12:00:00,EXC004,OP1004,581.6,,5,0,fastened,No,212.1,25,31
2025-05-29 12:00:00,EXC005,OP1005,463.2,,7,19,fastened,No,30.0,56,75
2025-05-29 12:00:00,EXC006,OP1006,8312.2,14.4,6,19,fastened,No,,50,75
2025-05-29 12:00:00,WL001,OP1007,5421.8,13.3,21,25,fastened,No,,50,75
2025-05-29 12:00:00,WL002,OP1008,7205.6,13.5,21,24,fastened,No,,51,75
2025-05-29 14:00:00,BH001,OP1011,2390.8,4.7,7,4,fastened,No,,37,41
2025-05-29 14:00:00,BH002,OP1014,3286.5,11.0,7,40,fastened,No,,80,120
2025-05-29 14:00:00,DZ001,OP1009,4583.4,37.8,5,13,fastened,No,,107,120
2025-05-29 14:00:00,DZ002,OP1006,9487.0,34.0,3,28,fastened,No,,92,120
2025-05-29 14:00:00,EXC001,OP1013,1703.6,2.6,2,8,fastened,No,,30,38
2025-05-29 14:00:00,EXC002,OP1002,6591.2,22.1,11,23,fastened,No,,84,107
2025-05-29 14:00:00,EXC003,OP1003,4076.6,23.8,9,26,fastened,No,,87,120
2025-05-29 14:00:00,EXC004,OP1004,583.6,,13,22,fastened,No,0.0,98,120
2025-05-29 14:00:00,EXC005,OP1005,465.2,,14,28,fastened,No,0.0,88,120
2025-05-29 14:00:00,EXC006,OP1006,8314.2,22.8,8,34,fastened,No,,86,120
2025-05-29 14:00:00,WL001,OP1007,5423.8,21.8,29,39,fastened,No,,81,120
2025-05-29 14:00:00,WL002,OP1008,7207.6,24.5,24,26,fastened,No,,94,120
2025-05-29 16:00:00,BH001,OP1011,2390.8,0.0,0,0,fastened,No,,0,0
2025-05-29 16:00:00,BH002,OP1014,3287.4,5.6,6,5,fastened,No,,44,49
2025-05-29 16:00:00,DZ001,OP1009,4584.4,15.3,3,19,fastened,No,,41,60
2025-05-29 16:00:00,DZ002,OP1006,9488.0,18.5,1,3,fastened,No,,51,54
2025-05-29 16:00:00,EXC001,OP1013,1703.6,0.0,0,0,fastened,No,,0,0
2025-05-29 16:00:00,EXC002,OP1002,6591.2,0.0,0,0,fastened,No,,0,0
2025-05-29 16:00:00,EXC003,OP1003,4077.6,10.9,4,20,fastened,No,,40,60
2025-05-29 16:00:00,EXC004,OP1004,584.6,,5,19,fastened,No,0.0,41,60
2025-05-29 16:00:00,EXC005,OP1005,465.9,,15,4,fastened,No,12.0,35,42
2025-05-29 16:00:00,EXC006,OP1006,8315.2,11.7,8,15,fastened,No,,45,60
2025-05-29 16:00:00,WL001,OP1007,5424.6,9.4,7,11,fastened,No,,35,46
2025-05-29 16:00:00,WL002,OP1008,7208.1,6.1,10,2,fastened,No,,24,26
2025-05-30 08:00:00,BH001,OP1011,2392.8,13.9,19,10,fastened,No,,110,120
2025-05-30 08:00:00,BH002,OP1012,3289.4,13.0,12,20,fastened,No,,100,120
2025-05-30 08:00:00,DZ001,OP1009,4586.4,28.7,3,45,fastened,No,,75,120
2025-05-30 08:00:00,DZ002,OP1010,9490.0,31.2,1,36,fastened,No,,84,120
2025-05-30 08:00:00,EXC001,OP1001,1705.6,8.1,11,28,fastened,No,,92,120
2025-05-30 08:00:00,EXC002,OP1002,6593.2,20.7,10,46,fastened,No,,74,120
2025-05-30 08:00:00,EXC003,OP1003,4079.6,24.9,16,25,fastened,No,,95,120
2025-05-30 08:00:00,EXC004,OP1004,586.6,,6,49,fastened,No,0.0,71,120
2025-05-30 08:00:00,EXC005,OP1005,467.9,,9,15,fastened,No,0.0,100,120
2025-05-30 08:00:00,EXC006,OP1006,8317.2,18.3,7,57,fastened,No,,63,120
2025-05-30 08:00:00,WL001,OP1007,5426.6,22.5,38,35,fastened,No,,85,120
2025-05-30 10:00:00,BH001,OP1011,2394.8,13.9,22,9,fastened,No,,104,120
2025-05-30 10:00:00,BH002,OP1012,3291.4,12.7,21,21,fastened,No,,91,120
2025-05-30 10:00:00,DZ001,OP1009,4588.4,27.9,2,47,fastened,No,,73,120
2025-05-30 10:00:00,DZ002,OP1010,9492.0,33.0,10,23,fastened,No,,86,120
2025-05-30 10:00:00,EXC001,OP1001,1707.6,7.2,16,34,fastened,No,,75,120
2025-05-30 10:00:00,EXC002,OP1002,6595.2,22.1,8,35,fastened,No,,76,120
2025-05-30 10:00:00,EXC003,OP1003,4081.6,24.2,14,22,fastened,Yes,,87,120
2025-05-30 10:00:00,EXC004,OP1004,588.6,,14,32,fastened,No,0.0,88,120
2025-05-30 10:00:00,EXC005,OP1005,469.9,,18,36,fastened,No,0.0,84,120
2025-05-30 10:00:00,EXC006,OP1006,8319.2,23.2,8,32,unfastened,No,,88,120
2025-05-30 10:00:00,WL001,OP1007,5428.6,23.7,33,31,fastened,No,,89,120
2025-05-30 12:00:00,BH001,OP1011,2396.1,5.7,4,38,fastened,Yes,,37,75
2025-05-30 12:00:00,BH002,OP1012,3292.6,9.0,13,4,fastened,No,,71,75
2025-05-30 12:00:00,DZ001,OP1009,4589.6,22.2,1,13,fastened,No,,62,75
2025-05-30 12:00:00,DZ002,OP1010,9493.2,22.4,2,13,fastened,No,,62,75
2025-05-30 12:00:00,EXC001,OP1001,1708.9,5.2,12,14,fastened,No,,61,75
2025-05-30 12:00:00,EXC002,OP1002,6596.4,15.3,8,16,fastened,No,,59,75
2025-05-30 12:00:00,EXC003,OP1003,4082.9,15.1,10,18,fastened,No,,57,75
2025-05-30 12:00:00,EXC004,OP1004,589.8,,7,17,fastened,No,112.5,51,75
2025-05-30 12:00:00,EXC005,OP1005,471.2,,11,10,fastened,No,30.0,65,75
2025-05-30 12:00:00,EXC006,OP1006,8320.4,13.5,6,20,fastened,No,,47,75
2025-05-30 12:00:00,WL001,OP1007,5429.8,13.3,14,23,fastened,No,,45,75
2025-05-30 14:00:00,BH001,OP1011,2397.3,7.4,7,21,fastened,No,,54,75
2025-05-30 14:00:00,BH002,OP1012,3293.9,8.1,6,16,fastened,No,,62,78
2025-05-30 14:00:00,DZ001,OP1009,4591.6,31.9,3,26,fastened,No,,83,120
2025-05-30 14:00:00,DZ002,OP1010,9495.2,33.5,7,24,fastened,No,,89,120
2025-05-30 14:00:00,EXC001,OP1001,1710.9,8.4,17,21,fastened,No,,99,120
2025-05-30 14:00:00,EXC002,OP1002,6598.4,27.8,10,6,fastened,No,,104,120
2025-05-30 14:00:00,EXC003,OP1003,4084.9,27.2,7,9,fastened,No,,104,120
2025-05-30 14:00:00,EXC004,OP1004,591.0,,3,2,fastened,No,125.0,65,70
2025-05-30 14:00:00,EXC005,OP1005,472.0,,5,18,fastened,No,0.0,35,53
2025-05-30 14:00:00,EXC006,OP1006,8322.4,23.5,10,30,fastened,No,,90,120
2025-05-30 14:00:00,WL001,OP1007,5431.8,21.9,23,38,fastened,No,,82,120
2025-05-30 16:00:00,BH001,OP1011,2397.3,0.0,0,0,fastened,No,,0,0
2025-05-30 16:00:00,BH002,OP1012,3293.9,0.0,0,0,fastened,No,,0,0
2025-05-30 16:00:00,DZ001,OP1009,4592.6,16.3,2,15,fastened,No,,45,60
2025-05-30 16:00:00,DZ002,OP1010,9496.2,19.3,3,6,fastened,No,,54,60
2025-05-30 16:00:00,EXC001,OP1001,1711.2,0.6,1,11,fastened,No,,6,17
2025-05-30 16:00:00,EXC002,OP1002,6599.4,12.7,6,11,fastened,No,,49,60
2025-05-30 16:00:00,EXC003,OP1003,4085.6,10.4,7,0,fastened,No,,42,42
2025-05-30 16:00:00,EXC004,OP1004,591.4,,1,0,fastened,No,87.0,18,21
2025-05-30 16:00:00,EXC005,OP1005,472.0,,0,0,fastened,No,0.0,0,0
2025-05-30 16:00:00,EXC006,OP1006,8323.4,14.5,8,3,fastened,No,,57,60
2025-05-30 16:00:00,WL001,OP1007,5432.8,12.1,13,14,fastened,No,,46,60
