task_id,date,site_id,machine_id,machine_class,operator_id,task_type,unit,quantity,ground_condition,rain_prev_24h_mm,planned_start,planned_duration_min,actual_start,actual_end,actual_duration_min,productive_min,completed_quantity,status,avg_temp_c,rain_during_task_mm,assigned_by
T00001,2025-05-01,S01,EXC001,mini_excavator,OP1001,trenching,m3,25,dry,0.0,2025-05-01T08:08:00Z,150,2025-05-01T08:06:00Z,2025-05-01T11:14:00Z,188.0,144,25.0,completed,33.8,0.0,ADM01
T00002,2025-05-01,S01,EXC001,mini_excavator,OP1001,excavation,m3,40,dry,0.0,2025-05-01T11:33:00Z,192,2025-05-01T11:24:00Z,2025-05-01T15:46:00Z,262.0,179,40.0,completed,37.1,0.0,ADM01
T00003,2025-05-01,S01,EXC002,excavator,OP1002,truck_loading,m3,140,dry,0.0,2025-05-01T08:08:00Z,112,2025-05-01T08:08:00Z,2025-05-01T09:55:00Z,107.0,90,140.0,completed,33.1,0.0,ADM01
T00004,2025-05-01,S01,EXC002,excavator,OP1002,truck_loading,m3,170,dry,0.0,2025-05-01T10:10:00Z,136,2025-05-01T10:04:00Z,2025-05-01T13:25:00Z,201.0,105,170.0,completed,35.7,0.0,ADM01
T00005,2025-05-01,S01,EXC002,excavator,OP1002,truck_loading,m3,220,dry,0.0,2025-05-01T12:36:00Z,176,2025-05-01T13:33:00Z,,,125,175.8,partial,37.5,0.0,ADM01
T00006,2025-05-01,S02,EXC003,excavator,OP1012,trenching,m3,115,dry,0.0,2025-05-01T08:08:00Z,184,2025-05-01T08:05:00Z,2025-05-01T10:55:00Z,170.0,150,115.0,completed,29.3,0.0,ADM01
T00007,2025-05-01,S02,EXC003,excavator,OP1012,truck_loading,m3,260,dry,0.0,2025-05-01T12:07:00Z,208,2025-05-01T11:06:00Z,2025-05-01T15:30:00Z,264.0,157,260.0,completed,32.9,0.0,ADM01
T00008,2025-05-01,S02,EXC004,electric_excavator,OP1004,excavation,m3,165,dry,0.0,2025-05-01T08:08:00Z,170,2025-05-01T08:07:00Z,2025-05-01T11:04:00Z,177.0,158,165.0,completed,29.4,0.0,ADM01
T00009,2025-05-01,S02,EXC004,electric_excavator,OP1004,trenching,m3,85,dry,0.0,2025-05-01T11:53:00Z,136,2025-05-01T11:12:00Z,2025-05-01T15:38:00Z,266.0,136,85.0,completed,33.2,0.0,ADM01
T00010,2025-05-01,S02,EXC004,electric_excavator,OP1004,trenching,m3,110,dry,0.0,2025-05-01T14:19:00Z,176,2025-05-01T15:49:00Z,,,54,31.6,partial,33.4,0.0,ADM01
T00011,2025-05-01,S01,EXC005,electric_mini_excavator,OP1013,excavation,m3,35,dry,0.0,2025-05-01T08:08:00Z,168,2025-05-01T08:07:00Z,2025-05-01T11:11:00Z,184.0,149,35.0,completed,33.8,0.0,ADM01
T00012,2025-05-01,S01,EXC005,electric_mini_excavator,OP1013,trenching,m3,25,dry,0.0,2025-05-01T11:51:00Z,150,2025-05-01T11:17:00Z,2025-05-01T14:11:00Z,174.0,108,25.0,completed,36.7,0.0,ADM01
T00013,2025-05-01,S01,EXC005,electric_mini_excavator,OP1013,trenching,m3,15,dry,0.0,2025-05-01T14:31:00Z,90,2025-05-01T14:17:00Z,2025-05-01T15:38:00Z,81.0,77,15.0,completed,37.6,0.0,ADM01
T00014,2025-05-01,S03,EXC006,excavator,OP1006,excavation,m3,130,rocky,0.0,2025-05-01T08:08:00Z,134,2025-05-01T08:08:00Z,2025-05-01T10:40:00Z,152.0,116,130.0,completed,26.6,0.7,ADM01
T00015,2025-05-01,S03,EXC006,excavator,OP1006,truck_loading,m3,215,rocky,0.0,2025-05-01T11:17:00Z,172,2025-05-01T10:49:00Z,2025-05-01T14:20:00Z,211.0,127,215.0,completed,32.3,0.0,ADM01
T00016,2025-05-01,S03,EXC006,excavator,OP1006,truck_loading,m3,290,rocky,0.0,2025-05-01T14:19:00Z,232,2025-05-01T14:29:00Z,,,111,163.8,partial,33.6,0.0,ADM01
T00017,2025-05-01,S01,WL001,wheel_loader,OP1007,stockpiling,m3,305,dry,0.0,2025-05-01T08:08:00Z,146,2025-05-01T08:05:00Z,2025-05-01T11:52:00Z,227.0,145,305.0,completed,34.2,0.0,ADM01
T00018,2025-05-01,S01,WL001,wheel_loader,OP1007,truck_loading,m3,235,dry,0.0,2025-05-01T11:29:00Z,141,2025-05-01T11:56:00Z,2025-05-01T15:54:00Z,238.0,137,235.0,completed,37.4,0.0,ADM01
T00019,2025-05-01,S01,WL001,wheel_loader,OP1007,truck_loading,m3,275,dry,0.0,2025-05-01T14:00:00Z,165,2025-05-01T16:06:00Z,,,36,55.7,partial,37.3,0.0,ADM01
T00020,2025-05-01,S03,WL002,wheel_loader,OP1008,truck_loading,m3,165,rocky,0.0,2025-05-01T08:08:00Z,99,2025-05-01T08:06:00Z,2025-05-01T10:21:00Z,135.0,102,165.0,completed,26.1,0.7,ADM01
T00021,2025-05-01,S03,WL002,wheel_loader,OP1008,truck_loading,m3,280,rocky,0.0,2025-05-01T10:42:00Z,168,2025-05-01T10:33:00Z,2025-05-01T14:34:00Z,241.0,132,280.0,completed,32.2,0.0,ADM01
T00022,2025-05-01,S03,WL002,wheel_loader,OP1008,stockpiling,m3,280,rocky,0.0,2025-05-01T13:40:00Z,134,2025-05-01T14:41:00Z,,,105,220.3,partial,33.6,0.0,ADM01
T00023,2025-05-01,S02,DZ001,dozer,OP1009,grading,m2,1385,dry,0.0,2025-05-01T08:08:00Z,166,2025-05-01T08:08:00Z,2025-05-01T10:49:00Z,161.0,136,1385.0,completed,29.2,0.0,ADM01
T00024,2025-05-01,S02,DZ001,dozer,OP1009,site_clearing,m2,1195,dry,0.0,2025-05-01T11:49:00Z,215,2025-05-01T10:57:00Z,2025-05-01T15:27:00Z,270.0,194,1195.0,completed,32.9,0.0,ADM01
T00025,2025-05-01,S03,DZ002,dozer,OP1010,grading,m2,1590,rocky,0.0,2025-05-01T08:08:00Z,191,2025-05-01T08:08:00Z,2025-05-01T11:16:00Z,188.0,148,1590.0,completed,27.3,0.7,ADM01
T00026,2025-05-01,S03,DZ002,dozer,OP1010,site_clearing,m2,810,rocky,0.0,2025-05-01T12:14:00Z,146,2025-05-01T11:20:00Z,2025-05-01T14:41:00Z,201.0,143,810.0,completed,32.8,0.0,ADM01
T00027,2025-05-01,S03,DZ002,dozer,OP1010,site_clearing,m2,545,rocky,0.0,2025-05-01T14:50:00Z,98,2025-05-01T14:47:00Z,2025-05-01T16:40:00Z,113.0,93,545.0,completed,33.6,0.0,ADM01
T00028,2025-05-01,S01,BH001,backhoe_loader,OP1011,backfilling,m3,70,dry,0.0,2025-05-01T08:08:00Z,144,2025-05-01T08:05:00Z,2025-05-01T11:30:00Z,205.0,132,70.0,completed,33.6,0.0,ADM01
T00029,2025-05-01,S01,BH001,backhoe_loader,OP1011,backfilling,m3,55,dry,0.0,2025-05-01T11:27:00Z,113,2025-05-01T11:42:00Z,2025-05-01T14:34:00Z,172.0,99,55.0,completed,37.0,0.0,ADM01
T00030,2025-05-01,S01,BH001,backhoe_loader,OP1011,trenching,m3,50,dry,0.0,2025-05-01T13:30:00Z,180,2025-05-01T14:44:00Z,,,118,36.1,partial,37.5,0.0,ADM01
T00031,2025-05-01,S02,BH002,backhoe_loader,OP1012,backfilling,m3,110,dry,0.0,2025-05-01T08:08:00Z,226,2025-05-01T08:05:00Z,2025-05-01T12:01:00Z,236.0,201,110.0,completed,29.9,0.0,ADM01
T00032,2025-05-01,S02,BH002,backhoe_loader,OP1012,backfilling,m3,50,dry,0.0,2025-05-01T12:49:00Z,103,2025-05-01T12:08:00Z,2025-05-01T14:49:00Z,161.0,89,50.0,completed,33.3,0.0,ADM01
T00033,2025-05-02,S01,EXC001,mini_excavator,OP1001,trenching,m3,30,dry,0.0,2025-05-02T08:08:00Z,180,2025-05-02T08:07:00Z,2025-05-02T11:27:00Z,200.0,175,30.0,completed,34.7,0.0,ADM01
T00034,2025-05-02,S01,EXC001,mini_excavator,OP1001,excavation,m3,40,dry,0.0,2025-05-02T12:03:00Z,192,2025-05-02T11:38:00Z,2025-05-02T15:48:00Z,250.0,171,40.0,completed,38.8,0.0,ADM01
T00035,2025-05-02,S01,EXC002,excavator,OP1007,excavation,m3,135,dry,0.0,2025-05-02T08:08:00Z,139,2025-05-02T08:07:00Z,2025-05-02T11:23:00Z,196.0,156,135.0,completed,34.7,0.0,ADM01
T00036,2025-05-02,S01,EXC002,excavator,OP1007,trenching,m3,105,dry,0.0,2025-05-02T11:22:00Z,168,2025-05-02T11:33:00Z,2025-05-02T16:11:00Z,278.0,191,105.0,completed,38.8,0.0,ADM01
T00037,2025-05-02,S01,EXC002,excavator,OP1007,trenching,m3,65,dry,0.0,2025-05-02T14:20:00Z,104,2025-05-02T16:22:00Z,,,27,14.7,partial,38.9,0.0,ADM01
T00038,2025-05-02,S02,EXC003,excavator,OP1003,truck_loading,m3,285,dry,0.0,2025-05-02T08:08:00Z,228,2025-05-02T08:07:00Z,2025-05-02T14:18:00Z,371.0,224,285.0,completed,29.8,0.0,ADM01
T00039,2025-05-02,S02,EXC003,excavator,OP1003,trenching,m3,115,dry,0.0,2025-05-02T12:51:00Z,184,2025-05-02T14:26:00Z,,,139,75.0,partial,32.8,0.0,ADM01
T00040,2025-05-02,S02,EXC004,electric_excavator,OP1014,excavation,m3,205,dry,0.0,2025-05-02T08:08:00Z,211,2025-05-02T08:08:00Z,2025-05-02T11:36:00Z,208.0,161,205.0,completed,28.5,0.0,ADM01
T00041,2025-05-02,S02,EXC004,electric_excavator,OP1014,truck_loading,m3,145,dry,0.0,2025-05-02T12:34:00Z,116,2025-05-02T11:46:00Z,2025-05-02T15:32:00Z,226.0,90,145.0,completed,32.6,0.0,ADM01
T00042,2025-05-02,S01,EXC005,electric_mini_excavator,OP1005,excavation,m3,30,dry,0.0,2025-05-02T08:08:00Z,144,2025-05-02T08:06:00Z,2025-05-02T11:36:00Z,210.0,138,30.0,completed,34.9,0.0,ADM01
T00043,2025-05-02,S01,EXC005,electric_mini_excavator,OP1005,excavation,m3,35,dry,0.0,2025-05-02T11:27:00Z,168,2025-05-02T11:47:00Z,2025-05-02T15:27:00Z,220.0,147,35.0,completed,38.8,0.0,ADM01
T00044,2025-05-02,S03,EXC006,excavator,OP1015,excavation,m3,155,rocky,0.8,2025-05-02T08:08:00Z,159,2025-05-02T08:06:00Z,2025-05-02T13:23:00Z,317.0,204,155.0,completed,29.4,0.0,ADM01
T00045,2025-05-02,S03,EXC006,excavator,OP1015,trenching,m3,90,rocky,0.8,2025-05-02T11:42:00Z,144,2025-05-02T13:28:00Z,,,174,83.9,partial,34.2,0.0,ADM01
T00046,2025-05-02,S03,EXC006,excavator,OP1015,trenching,m3,120,rocky,0.8,2025-05-02T14:16:00Z,192,,,,0,0.0,scheduled,,0.0,ADM01
T00047,2025-05-02,S01,WL001,wheel_loader,OP1007,stockpiling,m3,195,dry,0.0,2025-05-02T08:08:00Z,94,2025-05-02T08:07:00Z,2025-05-02T10:37:00Z,150.0,91,195.0,completed,34.1,0.0,ADM01
T00048,2025-05-02,S01,WL001,wheel_loader,OP1007,stockpiling,m3,430,dry,0.0,2025-05-02T10:37:00Z,206,2025-05-02T10:42:00Z,,,233,428.3,partial,38.5,0.0,ADM01
T00049,2025-05-02,S01,WL001,wheel_loader,OP1007,truck_loading,m3,250,dry,0.0,2025-05-02T14:13:00Z,150,,,,0,0.0,scheduled,,0.0,ADM01
T00050,2025-05-02,S03,WL002,wheel_loader,OP1008,truck_loading,m3,195,rocky,0.8,2025-05-02T08:08:00Z,117,2025-05-02T08:06:00Z,2025-05-02T10:49:00Z,163.0,118,195.0,completed,27.7,0.0,ADM01
T00051,2025-05-02,S03,WL002,wheel_loader,OP1008,stockpiling,m3,335,rocky,0.8,2025-05-02T11:00:00Z,161,2025-05-02T10:57:00Z,2025-05-02T15:06:00Z,249.0,156,335.0,completed,33.1,0.0,ADM01
T00052,2025-05-02,S03,WL002,wheel_loader,OP1008,truck_loading,m3,165,rocky,0.8,2025-05-02T13:51:00Z,99,2025-05-02T15:16:00Z,,,72,129.1,partial,34.1,0.0,ADM01
T00053,2025-05-02,S02,DZ001,dozer,OP1009,spreading,m3,150,dry,0.0,2025-05-02T08:08:00Z,98,2025-05-02T08:07:00Z,2025-05-02T10:29:00Z,142.0,95,150.0,completed,27.4,0.0,ADM01
T00054,2025-05-02,S02,DZ001,dozer,OP1009,spreading,m3,345,dry,0.0,2025-05-02T10:41:00Z,226,2025-05-02T10:41:00Z,2025-05-02T14:48:00Z,247.0,176,345.0,completed,31.8,0.0,ADM01
T00055,2025-05-02,S02,DZ001,dozer,OP1009,grading,m2,1510,dry,0.0,2025-05-02T14:37:00Z,181,2025-05-02T14:53:00Z,,,96,885.3,partial,32.8,0.0,ADM01
T00056,2025-05-02,S03,DZ002,dozer,OP1010,grading,m2,1385,rocky,0.8,2025-05-02T08:08:00Z,166,2025-05-02T08:07:00Z,2025-05-02T10:48:00Z,161.0,123,1385.0,completed,27.7,0.0,ADM01
T00057,2025-05-02,S03,DZ002,dozer,OP1010,grading,m2,1910,rocky,0.8,2025-05-02T11:49:00Z,229,2025-05-02T10:53:00Z,2025-05-02T15:45:00Z,292.0,205,1910.0,completed,33.3,0.0,ADM01
T00058,2025-05-02,S01,BH001,backhoe_loader,OP1011,backfilling,m3,100,dry,0.0,2025-05-02T08:08:00Z,206,2025-05-02T08:07:00Z,2025-05-02T11:24:00Z,197.0,177,100.0,completed,34.7,0.0,ADM01
T00059,2025-05-02,S01,BH001,backhoe_loader,OP1011,backfilling,m3,55,dry,0.0,2025-05-02T12:29:00Z,113,2025-05-02T11:29:00Z,2025-05-02T15:28:00Z,239.0,113,55.0,completed,38.5,0.0,ADM01
T00060,2025-05-02,S02,BH002,backhoe_loader,OP1012,trenching,m3,55,dry,0.0,2025-05-02T08:08:00Z,198,2025-05-02T08:05:00Z,2025-05-02T12:06:00Z,241.0,189,55.0,completed,28.8,0.0,ADM01
T00061,2025-05-02,S02,BH002,backhoe_loader,OP1012,backfilling,m3,75,dry,0.0,2025-05-02T12:21:00Z,154,2025-05-02T12:18:00Z,2025-05-02T15:40:00Z,202.0,135,75.0,completed,32.8,0.0,ADM01
T00062,2025-05-03,S01,EXC001,mini_excavator,OP1001,excavation,m3,25,dry,0.0,2025-05-03T08:08:00Z,120,2025-05-03T08:08:00Z,2025-05-03T10:30:00Z,142.0,111,25.0,completed,32.9,0.0,ADM01
T00063,2025-05-03,S01,EXC001,mini_excavator,OP1001,trenching,m3,20,dry,0.0,2025-05-03T10:18:00Z,120,2025-05-03T10:38:00Z,2025-05-03T12:19:00Z,101.0,95,20.0,completed,35.1,0.0,ADM01
T00064,2025-05-03,S01,EXC001,mini_excavator,OP1001,excavation,m3,45,dry,0.0,2025-05-03T13:13:00Z,216,2025-05-03T12:29:00Z,,,187,40.0,partial,36.7,0.0,ADM01
T00065,2025-05-03,S01,EXC002,excavator,OP1001,truck_loading,m3,215,dry,0.0,2025-05-03T08:08:00Z,172,2025-05-03T08:06:00Z,2025-05-03T11:35:00Z,209.0,150,215.0,completed,33.5,0.0,ADM01
T00066,2025-05-03,S01,EXC002,excavator,OP1001,trenching,m3,95,dry,0.0,2025-05-03T11:55:00Z,152,2025-05-03T11:47:00Z,2025-05-03T15:12:00Z,205.0,136,95.0,completed,36.4,0.0,ADM01
T00067,2025-05-03,S01,EXC002,excavator,OP1001,excavation,m3,155,dry,0.0,2025-05-03T14:37:00Z,159,2025-05-03T15:24:00Z,,,78,75.9,partial,36.6,0.0,ADM01
T00068,2025-05-03,S02,EXC003,excavator,OP1003,trenching,m3,140,dry,0.0,2025-05-03T08:08:00Z,224,2025-05-03T08:06:00Z,2025-05-03T13:41:00Z,335.0,231,140.0,completed,27.8,3.1,ADM01
T00069,2025-05-03,S02,EXC003,excavator,OP1003,truck_loading,m3,275,dry,0.0,2025-05-03T12:47:00Z,220,2025-05-03T13:53:00Z,,,86,101.4,partial,30.1,0.0,ADM01
T00070,2025-05-03,S02,EXC004,electric_excavator,OP1004,truck_loading,m3,205,dry,0.0,2025-05-03T08:08:00Z,164,2025-05-03T08:07:00Z,2025-05-03T11:40:00Z,213.0,151,205.0,completed,26.8,3.0,ADM01
T00071,2025-05-03,S02,EXC004,electric_excavator,OP1004,trenching,m3,135,dry,0.0,2025-05-03T11:47:00Z,216,2025-05-03T11:48:00Z,,,107,69.2,partial,30.1,0.0,ADM01
T00072,2025-05-03,S01,EXC005,electric_mini_excavator,OP1005,trenching,m3,20,dry,0.0,2025-05-03T08:08:00Z,120,2025-05-03T08:05:00Z,2025-05-03T10:18:00Z,133.0,113,20.0,completed,32.8,0.0,ADM01
T00073,2025-05-03,S01,EXC005,electric_mini_excavator,OP1005,trenching,m3,25,dry,0.0,2025-05-03T11:03:00Z,150,2025-05-03T10:24:00Z,2025-05-03T13:47:00Z,203.0,134,25.0,completed,35.4,0.0,ADM01
T00074,2025-05-03,S01,EXC005,electric_mini_excavator,OP1005,trenching,m3,30,dry,0.0,2025-05-03T13:43:00Z,180,2025-05-03T13:58:00Z,,,122,23.5,partial,36.8,0.0,ADM01
T00075,2025-05-03,S03,EXC006,excavator,OP1006,trenching,m3,95,rocky,0.0,2025-05-03T08:08:00Z,152,2025-05-03T08:07:00Z,2025-05-03T10:54:00Z,167.0,135,95.0,completed,26.6,0.0,ADM01
T00076,2025-05-03,S03,EXC006,excavator,OP1006,trenching,m3,70,rocky,0.0,2025-05-03T11:35:00Z,112,2025-05-03T11:02:00Z,2025-05-03T14:21:00Z,199.0,112,70.0,completed,30.7,0.0,ADM01
T00077,2025-05-03,S03,EXC006,excavator,OP1006,excavation,m3,170,rocky,0.0,2025-05-03T13:37:00Z,175,2025-05-03T14:30:00Z,,,124,129.9,partial,31.7,0.0,ADM01
T00078,2025-05-03,S01,WL001,wheel_loader,OP1007,stockpiling,m3,375,dry,0.0,2025-05-03T08:08:00Z,180,2025-05-03T08:08:00Z,2025-05-03T12:02:00Z,234.0,156,375.0,completed,33.7,0.0,ADM01
T00079,2025-05-03,S01,WL001,wheel_loader,OP1007,stockpiling,m3,285,dry,0.0,2025-05-03T12:03:00Z,137,2025-05-03T12:06:00Z,2025-05-03T16:55:00Z,289.0,164,285.0,completed,36.6,0.0,ADM01
T00080,2025-05-03,S01,WL001,wheel_loader,OP1007,truck_loading,m3,225,dry,0.0,2025-05-03T14:30:00Z,135,,,,0,0.0,scheduled,,0.0,ADM01
T00081,2025-05-03,S03,WL002,wheel_loader,OP1008,truck_loading,m3,205,rocky,0.0,2025-05-03T08:08:00Z,123,2025-05-03T08:07:00Z,2025-05-03T10:32:00Z,145.0,112,205.0,completed,26.3,0.0,ADM01
T00082,2025-05-03,S03,WL002,wheel_loader,OP1008,truck_loading,m3,180,rocky,0.0,2025-05-03T10:21:00Z,108,2025-05-03T10:43:00Z,2025-05-03T13:57:00Z,194.0,97,180.0,completed,30.2,0.0,ADM01
T00083,2025-05-03,S03,WL002,wheel_loader,OP1008,stockpiling,m3,255,rocky,0.0,2025-05-03T13:04:00Z,122,2025-05-03T14:01:00Z,2025-05-03T16:49:00Z,168.0,116,255.0,completed,31.8,0.0,ADM01
T00084,2025-05-03,S02,DZ001,dozer,OP1009,grading,m2,1765,dry,0.0,2025-05-03T08:08:00Z,212,2025-05-03T08:05:00Z,2025-05-03T11:30:00Z,205.0,189,1765.0,completed,26.7,3.1,ADM01
T00085,2025-05-03,S02,DZ001,dozer,OP1009,spreading,m3,195,dry,0.0,2025-05-03T12:35:00Z,128,2025-05-03T11:38:00Z,2025-05-03T16:11:00Z,273.0,122,195.0,completed,30.7,0.0,ADM01
T00086,2025-05-03,S03,DZ002,dozer,OP1010,site_clearing,m2,1175,rocky,0.0,2025-05-03T08:08:00Z,212,2025-05-03T08:06:00Z,2025-05-03T12:25:00Z,259.0,205,1175.0,completed,27.7,0.0,ADM01
T00087,2025-05-03,S03,DZ002,dozer,OP1010,grading,m2,1500,rocky,0.0,2025-05-03T12:35:00Z,180,2025-05-03T13:17:00Z,2025-05-03T16:25:00Z,188.0,131,1500.0,completed,31.8,0.0,ADM01
T00088,2025-05-03,S01,BH001,backhoe_loader,OP1011,trenching,m3,45,dry,0.0,2025-05-03T08:08:00Z,162,2025-05-03T08:08:00Z,2025-05-03T11:23:00Z,195.0,162,45.0,completed,33.4,0.0,ADM01
T00089,2025-05-03,S01,BH001,backhoe_loader,OP1011,backfilling,m3,80,dry,0.0,2025-05-03T11:45:00Z,165,2025-05-03T11:33:00Z,2025-05-03T14:55:00Z,202.0,131,80.0,completed,36.3,0.0,ADM01
T00090,2025-05-03,S02,BH002,backhoe_loader,OP1012,trenching,m3,55,dry,0.0,2025-05-03T08:08:00Z,198,2025-05-03T08:05:00Z,2025-05-03T12:23:00Z,258.0,192,55.0,completed,27.4,3.1,ADM01
T00091,2025-05-03,S02,BH002,backhoe_loader,OP1012,backfilling,m3,70,dry,0.0,2025-05-03T12:21:00Z,144,2025-05-03T13:15:00Z,,,110,57.4,partial,30.2,0.0,ADM01
T00092,2025-05-05,S01,EXC002,excavator,OP1002,excavation,m3,165,dry,0.0,2025-05-05T08:08:00Z,170,2025-05-05T08:08:00Z,2025-05-05T11:25:00Z,197.0,144,165.0,completed,32.9,1.1,ADM01
T00093,2025-05-05,S01,EXC002,excavator,OP1002,excavation,m3,150,dry,0.0,2025-05-05T11:53:00Z,154,2025-05-05T11:30:00Z,2025-05-05T15:37:00Z,247.0,157,150.0,completed,36.2,0.0,ADM01
T00094,2025-05-05,S01,EXC002,excavator,OP1002,truck_loading,m3,270,dry,0.0,2025-05-05T14:37:00Z,216,2025-05-05T15:43:00Z,,,70,100.5,partial,36.7,0.0,ADM01
T00095,2025-05-05,S02,EXC003,excavator,OP1003,trenching,m3,95,dry,0.0,2025-05-05T08:08:00Z,152,2025-05-05T08:08:00Z,2025-05-05T10:55:00Z,167.0,152,95.0,completed,28.5,0.0,ADM01
T00096,2025-05-05,S02,EXC003,excavator,OP1003,excavation,m3,170,dry,0.0,2025-05-05T11:35:00Z,175,2025-05-05T11:07:00Z,2025-05-05T15:26:00Z,259.0,175,170.0,completed,33.8,0.0,ADM01
T00097,2025-05-05,S02,EXC003,excavator,OP1003,trenching,m3,125,dry,0.0,2025-05-05T14:40:00Z,200,2025-05-05T15:38:00Z,,,58,36.0,partial,34.4,0.0,ADM01
T00098,2025-05-05,S02,EXC004,electric_excavator,OP1004,trenching,m3,120,dry,0.0,2025-05-05T08:08:00Z,192,2025-05-05T08:06:00Z,2025-05-05T11:45:00Z,219.0,178,120.0,completed,29.3,0.0,ADM01
T00099,2025-05-05,S02,EXC004,electric_excavator,OP1004,truck_loading,m3,270,dry,0.0,2025-05-05T12:15:00Z,216,2025-05-05T11:54:00Z,,,148,186.5,partial,34.5,0.0,ADM01
T00100,2025-05-05,S01,EXC005,electric_mini_excavator,OP1005,trenching,m3,20,dry,0.0,2025-05-05T08:08:00Z,120,2025-05-05T08:05:00Z,2025-05-05T10:04:00Z,119.0,108,20.0,completed,32.6,0.1,ADM01
T00101,2025-05-05,S01,EXC005,electric_mini_excavator,OP1005,excavation,m3,30,dry,0.0,2025-05-05T11:03:00Z,144,2025-05-05T10:09:00Z,2025-05-05T13:37:00Z,208.0,145,30.0,completed,34.2,0.9,ADM01
T00102,2025-05-05,S01,EXC005,electric_mini_excavator,OP1005,excavation,m3,35,dry,0.0,2025-05-05T13:37:00Z,168,2025-05-05T13:42:00Z,,,119,21.7,partial,36.9,0.0,ADM01
T00103,2025-05-05,S03,EXC006,excavator,OP1006,trenching,m3,115,rocky,4.2,2025-05-05T08:08:00Z,184,2025-05-05T08:05:00Z,2025-05-05T11:46:00Z,221.0,177,115.0,completed,27.8,0.0,ADM01
T00104,2025-05-05,S03,EXC006,excavator,OP1006,truck_loading,m3,155,rocky,4.2,2025-05-05T12:07:00Z,124,2025-05-05T11:50:00Z,2025-05-05T15:00:00Z,190.0,110,155.0,completed,32.0,0.0,ADM01
T00105,2025-05-05,S03,EXC006,excavator,OP1006,excavation,m3,105,rocky,4.2,2025-05-05T14:21:00Z,108,2025-05-05T15:09:00Z,,,84,82.1,partial,32.3,0.0,ADM01
T00106,2025-05-05,S01,WL001,wheel_loader,OP1007,truck_loading,m3,215,dry,0.0,2025-05-05T08:08:00Z,129,2025-05-05T08:07:00Z,2025-05-05T11:30:00Z,203.0,138,215.0,completed,32.9,1.1,ADM01
T00107,2025-05-05,S01,WL001,wheel_loader,OP1007,truck_loading,m3,345,dry,0.0,2025-05-05T11:12:00Z,207,2025-05-05T11:42:00Z,,,144,278.2,partial,36.5,0.0,ADM01
T00108,2025-05-05,S03,WL002,wheel_loader,OP1008,stockpiling,m3,395,rocky,4.2,2025-05-05T08:08:00Z,190,2025-05-05T08:06:00Z,2025-05-05T12:04:00Z,238.0,179,395.0,completed,28.0,0.0,ADM01
T00109,2025-05-05,S03,WL002,wheel_loader,OP1008,truck_loading,m3,340,rocky,4.2,2025-05-05T12:13:00Z,204,2025-05-05T12:09:00Z,,,171,321.9,partial,32.2,0.0,ADM01
T00110,2025-05-05,S02,DZ001,dozer,OP1009,spreading,m3,310,dry,0.0,2025-05-05T08:08:00Z,203,2025-05-05T08:06:00Z,2025-05-05T11:25:00Z,199.0,166,310.0,completed,29.0,0.0,ADM01
T00111,2025-05-05,S02,DZ001,dozer,OP1009,spreading,m3,240,dry,0.0,2025-05-05T12:26:00Z,157,2025-05-05T11:37:00Z,2025-05-05T14:59:00Z,202.0,144,240.0,completed,34.0,0.0,ADM01
T00112,2025-05-05,S03,DZ002,dozer,OP1010,spreading,m3,180,rocky,4.2,2025-05-05T08:08:00Z,118,2025-05-05T08:06:00Z,2025-05-05T09:56:00Z,110.0,98,180.0,completed,26.4,0.0,ADM01
T00113,2025-05-05,S03,DZ002,dozer,OP1010,spreading,m3,235,rocky,4.2,2025-05-05T11:01:00Z,154,2025-05-05T10:02:00Z,2025-05-05T13:17:00Z,195.0,126,235.0,completed,29.9,0.0,ADM01
T00114,2025-05-05,S03,DZ002,dozer,OP1010,grading,m2,1665,rocky,4.2,2025-05-05T13:45:00Z,200,2025-05-05T13:28:00Z,2025-05-05T16:15:00Z,167.0,141,1665.0,completed,32.4,0.0,ADM01
T00115,2025-05-05,S01,BH001,backhoe_loader,OP1011,trenching,m3,55,dry,0.0,2025-05-05T08:08:00Z,198,2025-05-05T08:06:00Z,2025-05-05T11:19:00Z,193.0,170,55.0,completed,32.8,1.1,ADM01
T00116,2025-05-05,S01,BH001,backhoe_loader,OP1011,backfilling,m3,50,dry,0.0,2025-05-05T12:21:00Z,103,2025-05-05T11:28:00Z,2025-05-05T14:54:00Z,206.0,89,50.0,completed,35.7,0.0,ADM01
T00117,2025-05-05,S01,BH001,backhoe_loader,OP1011,trenching,m3,30,dry,0.0,2025-05-05T14:14:00Z,108,2025-05-05T15:05:00Z,2025-05-05T16:56:00Z,111.0,96,30.0,completed,36.8,0.0,ADM01
T00118,2025-05-05,S02,BH002,backhoe_loader,OP1012,trenching,m3,40,dry,0.0,2025-05-05T08:08:00Z,144,2025-05-05T08:07:00Z,2025-05-05T10:27:00Z,140.0,129,40.0,completed,28.1,0.0,ADM01
T00119,2025-05-05,S02,BH002,backhoe_loader,OP1012,trenching,m3,30,dry,0.0,2025-05-05T11:27:00Z,108,2025-05-05T10:39:00Z,2025-05-05T12:15:00Z,96.0,94,30.0,completed,31.9,0.0,ADM01
T00120,2025-05-05,S02,BH002,backhoe_loader,OP1012,backfilling,m3,75,dry,0.0,2025-05-05T13:25:00Z,154,2025-05-05T12:27:00Z,2025-05-05T15:51:00Z,204.0,141,75.0,completed,34.6,0.0,ADM01
T00121,2025-05-06,S01,EXC001,mini_excavator,OP1001,trenching,m3,30,dry,1.1,2025-05-06T08:08:00Z,180,2025-05-06T08:07:00Z,2025-05-06T11:31:00Z,204.0,157,30.0,completed,34.8,0.0,ADM01
T00122,2025-05-06,S01,EXC001,mini_excavator,OP1001,trenching,m3,40,dry,1.1,2025-05-06T12:03:00Z,240,2025-05-06T11:41:00Z,2025-05-06T16:53:00Z,312.0,236,40.0,completed,37.8,0.0,ADM01
T00123,2025-05-06,S01,EXC002,excavator,OP1002,truck_loading,m3,200,dry,1.1,2025-05-06T08:08:00Z,160,2025-05-06T08:06:00Z,2025-05-06T10:54:00Z,168.0,113,200.0,completed,34.5,0.0,ADM01
T00124,2025-05-06,S01,EXC002,excavator,OP1002,excavation,m3,105,dry,1.1,2025-05-06T11:43:00Z,108,2025-05-06T11:00:00Z,2025-05-06T13:37:00Z,157.0,90,105.0,completed,37.0,0.0,ADM01
T00125,2025-05-06,S01,EXC002,excavator,OP1002,excavation,m3,115,dry,1.1,2025-05-06T13:41:00Z,118,2025-05-06T13:41:00Z,2025-05-06T15:36:00Z,115.0,100,115.0,completed,38.1,0.0,ADM01
T00126,2025-05-06,S02,EXC003,excavator,OP1003,truck_loading,m3,225,dry,0.0,2025-05-06T08:08:00Z,180,2025-05-06T08:08:00Z,2025-05-06T13:36:00Z,328.0,192,225.0,completed,28.2,0.0,ADM01
T00127,2025-05-06,S02,EXC003,excavator,OP1003,truck_loading,m3,190,dry,0.0,2025-05-06T12:03:00Z,152,2025-05-06T13:43:00Z,,,149,181.3,partial,30.9,0.0,ADM01
T00128,2025-05-06,S02,EXC003,excavator,OP1003,excavation,m3,150,dry,0.0,2025-05-06T14:45:00Z,154,,,,0,0.0,scheduled,,0.0,ADM01
T00129,2025-05-06,S02,EXC004,electric_excavator,OP1004,excavation,m3,215,dry,0.0,2025-05-06T08:08:00Z,221,2025-05-06T08:06:00Z,2025-05-06T13:49:00Z,343.0,212,215.0,completed,27.8,0.0,ADM01
T00130,2025-05-06,S02,EXC004,electric_excavator,OP1004,excavation,m3,190,dry,0.0,2025-05-06T12:44:00Z,195,2025-05-06T13:58:00Z,,,144,132.8,partial,30.9,0.0,ADM01
T00131,2025-05-06,S01,EXC005,electric_mini_excavator,OP1005,trenching,m3,35,dry,1.1,2025-05-06T08:08:00Z,210,2025-05-06T08:07:00Z,2025-05-06T11:41:00Z,214.0,193,35.0,completed,34.9,0.0,ADM01
T00132,2025-05-06,S01,EXC005,electric_mini_excavator,OP1005,trenching,m3,20,dry,1.1,2025-05-06T12:33:00Z,120,2025-05-06T11:46:00Z,2025-05-06T15:02:00Z,196.0,110,20.0,completed,37.7,0.0,ADM01
T00133,2025-05-06,S01,EXC005,electric_mini_excavator,OP1005,excavation,m3,50,dry,1.1,2025-05-06T14:43:00Z,240,2025-05-06T15:06:00Z,,,101,22.9,partial,37.9,0.0,ADM01
T00134,2025-05-06,S01,WL001,wheel_loader,OP1007,truck_loading,m3,230,dry,1.1,2025-05-06T08:08:00Z,138,2025-05-06T08:08:00Z,2025-05-06T11:49:00Z,221.0,131,230.0,completed,35.0,0.0,ADM01
T00135,2025-05-06,S01,WL001,wheel_loader,OP1007,stockpiling,m3,410,dry,1.1,2025-05-06T11:21:00Z,197,2025-05-06T11:59:00Z,,,149,266.4,partial,37.9,0.0,ADM01
T00136,2025-05-06,S03,WL002,wheel_loader,OP1008,truck_loading,m3,345,rocky,0.0,2025-05-06T08:08:00Z,207,2025-05-06T08:06:00Z,2025-05-06T12:23:00Z,257.0,187,345.0,completed,27.2,0.0,ADM01
T00137,2025-05-06,S03,WL002,wheel_loader,OP1008,truck_loading,m3,380,rocky,0.0,2025-05-06T12:30:00Z,228,2025-05-06T12:29:00Z,,,192,316.0,partial,30.1,0.0,ADM01
T00138,2025-05-06,S02,DZ001,dozer,OP1009,grading,m2,1170,dry,0.0,2025-05-06T08:08:00Z,140,2025-05-06T08:08:00Z,2025-05-06T10:29:00Z,141.0,123,1170.0,completed,26.9,0.0,ADM01
T00139,2025-05-06,S02,DZ001,dozer,OP1009,grading,m2,1890,dry,0.0,2025-05-06T11:23:00Z,227,2025-05-06T10:35:00Z,2025-05-06T15:26:00Z,291.0,181,1890.0,completed,30.1,0.0,ADM01
T00140,2025-05-06,S03,DZ002,dozer,OP1010,grading,m2,1835,rocky,0.0,2025-05-06T08:08:00Z,220,2025-05-06T08:07:00Z,2025-05-06T11:46:00Z,219.0,186,1835.0,completed,26.9,0.0,ADM01
T00141,2025-05-06,S03,DZ002,dozer,OP1010,site_clearing,m2,1280,rocky,0.0,2025-05-06T12:43:00Z,230,2025-05-06T11:54:00Z,,,201,1116.0,partial,30.0,0.0,ADM01
T00142,2025-05-06,S01,BH001,backhoe_loader,OP1005,trenching,m3,55,dry,1.1,2025-05-06T08:08:00Z,198,2025-05-06T08:08:00Z,2025-05-06T11:37:00Z,209.0,186,55.0,completed,34.9,0.0,ADM01
T00143,2025-05-06,S01,BH001,backhoe_loader,OP1005,backfilling,m3,75,dry,1.1,2025-05-06T12:21:00Z,154,2025-05-06T11:41:00Z,2025-05-06T15:29:00Z,228.0,165,75.0,completed,37.7,0.0,ADM01
T00144,2025-05-06,S01,BH001,backhoe_loader,OP1005,backfilling,m3,60,dry,1.1,2025-05-06T15:05:00Z,123,2025-05-06T15:35:00Z,,,69,36.9,partial,37.9,0.0,ADM01
T00145,2025-05-06,S02,BH002,backhoe_loader,OP1012,backfilling,m3,95,dry,0.0,2025-05-06T08:08:00Z,195,2025-05-06T08:07:00Z,2025-05-06T11:35:00Z,208.0,177,95.0,completed,27.5,0.0,ADM01
T00146,2025-05-06,S02,BH002,backhoe_loader,OP1012,backfilling,m3,100,dry,0.0,2025-05-06T12:18:00Z,206,2025-05-06T11:43:00Z,2025-05-06T16:40:00Z,297.0,211,100.0,completed,30.7,0.0,ADM01
T00147,2025-05-07,S01,EXC001,mini_excavator,OP1001,trenching,m3,25,dry,0.0,2025-05-07T08:08:00Z,150,2025-05-07T08:06:00Z,2025-05-07T10:24:00Z,138.0,117,25.0,completed,32.4,0.0,ADM01
T00148,2025-05-07,S01,EXC001,mini_excavator,OP1001,excavation,m3,30,dry,0.0,2025-05-07T11:33:00Z,144,2025-05-07T10:28:00Z,2025-05-07T13:47:00Z,199.0,128,30.0,completed,34.7,0.0,ADM01
T00149,2025-05-07,S01,EXC001,mini_excavator,OP1001,trenching,m3,30,dry,0.0,2025-05-07T14:07:00Z,180,2025-05-07T13:57:00Z,,,159,28.7,partial,35.9,0.0,ADM01
T00150,2025-05-07,S02,EXC003,excavator,OP1003,truck_loading,m3,245,dry,0.0,2025-05-07T08:08:00Z,196,2025-05-07T08:08:00Z,2025-05-07T12:28:00Z,260.0,200,245.0,completed,28.4,0.0,ADM01
T00151,2025-05-07,S02,EXC003,excavator,OP1003,excavation,m3,200,dry,0.0,2025-05-07T12:19:00Z,206,2025-05-07T13:25:00Z,,,186,168.6,partial,32.3,0.0,ADM01
T00152,2025-05-07,S02,EXC004,electric_excavator,OP1004,excavation,m3,145,dry,0.0,2025-05-07T08:08:00Z,149,2025-05-07T08:07:00Z,2025-05-07T11:15:00Z,188.0,148,145.0,completed,27.5,0.0,ADM01
T00153,2025-05-07,S02,EXC004,electric_excavator,OP1004,trenching,m3,115,dry,0.0,2025-05-07T11:32:00Z,184,2025-05-07T11:20:00Z,2025-05-07T16:16:00Z,296.0,173,115.0,completed,31.9,0.0,ADM01
T00154,2025-05-07,S01,EXC005,electric_mini_excavator,OP1005,excavation,m3,40,dry,0.0,2025-05-07T08:08:00Z,192,2025-05-07T08:06:00Z,2025-05-07T11:29:00Z,203.0,172,40.0,completed,33.0,0.0,ADM01
T00155,2025-05-07,S01,EXC005,electric_mini_excavator,OP1005,trenching,m3,15,dry,0.0,2025-05-07T12:15:00Z,90,2025-05-07T11:35:00Z,2025-05-07T13:48:00Z,133.0,79,15.0,completed,35.2,0.0,ADM01
T00156,2025-05-07,S01,EXC005,electric_mini_excavator,OP1005,trenching,m3,35,dry,0.0,2025-05-07T13:55:00Z,210,2025-05-07T13:53:00Z,,,121,21.9,partial,36.0,0.0,ADM01
T00157,2025-05-07,S03,EXC006,excavator,OP1006,truck_loading,m3,235,rocky,0.0,2025-05-07T08:08:00Z,188,2025-05-07T08:08:00Z,2025-05-07T11:09:00Z,181.0,138,235.0,completed,27.5,0.0,ADM01
T00158,2025-05-07,S03,EXC006,excavator,OP1006,truck_loading,m3,120,rocky,0.0,2025-05-07T12:11:00Z,96,2025-05-07T11:18:00Z,2025-05-07T14:10:00Z,172.0,86,120.0,completed,31.8,0.6,ADM01
T00159,2025-05-07,S03,EXC006,excavator,OP1006,trenching,m3,120,rocky,0.0,2025-05-07T13:57:00Z,192,2025-05-07T14:18:00Z,,,140,83.3,partial,31.4,3.4,ADM01
T00160,2025-05-07,S01,WL001,wheel_loader,OP1007,stockpiling,m3,300,dry,0.0,2025-05-07T08:08:00Z,144,2025-05-07T08:05:00Z,2025-05-07T11:17:00Z,192.0,142,300.0,completed,32.9,0.0,ADM01
T00161,2025-05-07,S01,WL001,wheel_loader,OP1007,truck_loading,m3,215,dry,0.0,2025-05-07T11:27:00Z,129,2025-05-07T11:29:00Z,2025-05-07T15:30:00Z,241.0,132,215.0,completed,35.6,0.0,ADM01
T00162,2025-05-07,S01,WL001,wheel_loader,OP1007,stockpiling,m3,470,dry,0.0,2025-05-07T13:46:00Z,226,2025-05-07T15:35:00Z,,,60,122.3,partial,35.8,0.0,ADM01
T00163,2025-05-07,S03,WL002,wheel_loader,OP1008,truck_loading,m3,160,rocky,0.0,2025-05-07T08:08:00Z,96,2025-05-07T08:05:00Z,2025-05-07T09:51:00Z,106.0,91,160.0,completed,26.2,0.0,ADM01
T00164,2025-05-07,S03,WL002,wheel_loader,OP1008,truck_loading,m3,235,rocky,0.0,2025-05-07T09:54:00Z,141,2025-05-07T09:58:00Z,2025-05-07T14:20:00Z,262.0,119,235.0,completed,31.4,1.2,ADM01
T00165,2025-05-07,S03,WL002,wheel_loader,OP1008,truck_loading,m3,250,rocky,0.0,2025-05-07T13:10:00Z,150,2025-05-07T14:26:00Z,,,114,194.4,partial,31.4,2.8,ADM01
T00166,2025-05-07,S02,DZ001,dozer,OP1009,site_clearing,m2,1230,dry,0.0,2025-05-07T08:08:00Z,221,2025-05-07T08:05:00Z,2025-05-07T11:47:00Z,222.0,174,1230.0,completed,27.9,0.0,ADM01
T00167,2025-05-07,S02,DZ001,dozer,OP1009,site_clearing,m2,805,dry,0.0,2025-05-07T12:44:00Z,145,2025-05-07T11:51:00Z,2025-05-07T14:44:00Z,173.0,124,805.0,completed,31.9,0.0,ADM01
T00168,2025-05-07,S03,DZ002,dozer,OP1010,grading,m2,1330,rocky,0.0,2025-05-07T08:08:00Z,160,2025-05-07T08:05:00Z,2025-05-07T10:55:00Z,170.0,136,1330.0,completed,27.2,0.0,ADM01
T00169,2025-05-07,S03,DZ002,dozer,OP1010,grading,m2,1635,rocky,0.0,2025-05-07T11:43:00Z,196,2025-05-07T11:06:00Z,2025-05-07T14:49:00Z,223.0,148,1635.0,completed,31.6,2.9,ADM01
T00170,2025-05-07,S01,BH001,backhoe_loader,OP1011,backfilling,m3,110,dry,0.0,2025-05-07T08:08:00Z,226,2025-05-07T08:08:00Z,2025-05-07T11:51:00Z,223.0,187,110.0,completed,33.1,0.0,ADM01
T00171,2025-05-07,S01,BH001,backhoe_loader,OP1011,trenching,m3,40,dry,0.0,2025-05-07T12:49:00Z,144,2025-05-07T12:00:00Z,2025-05-07T15:31:00Z,211.0,130,40.0,completed,35.8,0.0,ADM01
T00172,2025-05-07,S02,BH002,backhoe_loader,OP1012,trenching,m3,55,dry,0.0,2025-05-07T08:08:00Z,198,2025-05-07T08:06:00Z,2025-05-07T11:53:00Z,227.0,176,55.0,completed,28.0,0.0,ADM01
T00173,2025-05-07,S02,BH002,backhoe_loader,OP1012,backfilling,m3,90,dry,0.0,2025-05-07T12:21:00Z,185,2025-05-07T12:01:00Z,2025-05-07T16:19:00Z,258.0,167,90.0,completed,32.2,0.0,ADM01
T00174,2025-05-08,S01,EXC001,mini_excavator,OP1001,excavation,m3,40,dry,0.0,2025-05-08T08:08:00Z,192,2025-05-08T08:07:00Z,2025-05-08T11:59:00Z,232.0,180,40.0,completed,33.8,1.1,ADM01
T00175,2025-05-08,S01,EXC001,mini_excavator,OP1001,trenching,m3,25,dry,0.0,2025-05-08T12:15:00Z,150,2025-05-08T12:05:00Z,2025-05-08T15:39:00Z,214.0,142,25.0,completed,37.5,0.0,ADM01
T00176,2025-05-08,S01,EXC002,excavator,OP1002,excavation,m3,125,dry,0.0,2025-05-08T08:08:00Z,129,2025-05-08T08:05:00Z,2025-05-08T10:04:00Z,119.0,100,125.0,completed,32.0,1.1,ADM01
T00177,2025-05-08,S01,EXC002,excavator,OP1002,trenching,m3,140,dry,0.0,2025-05-08T11:12:00Z,224,2025-05-08T10:14:00Z,2025-05-08T15:02:00Z,288.0,178,140.0,completed,36.7,0.0,ADM01
T00178,2025-05-08,S02,EXC003,excavator,OP1003,excavation,m3,170,dry,0.0,2025-05-08T08:08:00Z,175,2025-05-08T08:05:00Z,2025-05-08T11:56:00Z,231.0,177,170.0,completed,28.1,0.0,ADM01
T00179,2025-05-08,S02,EXC003,excavator,OP1003,excavation,m3,140,dry,0.0,2025-05-08T11:58:00Z,144,2025-05-08T12:04:00Z,2025-05-08T15:16:00Z,192.0,137,140.0,completed,31.3,6.3,ADM01
T00180,2025-05-08,S02,EXC003,excavator,OP1003,excavation,m3,165,dry,0.0,2025-05-08T14:32:00Z,170,2025-05-08T15:25:00Z,,,83,83.3,partial,30.6,1.3,ADM01
T00181,2025-05-08,S02,EXC004,electric_excavator,OP1014,trenching,m3,110,dry,0.0,2025-05-08T08:08:00Z,176,2025-05-08T08:07:00Z,2025-05-08T11:36:00Z,209.0,154,110.0,completed,27.9,0.0,ADM01
T00182,2025-05-08,S02,EXC004,electric_excavator,OP1014,trenching,m3,95,dry,0.0,2025-05-08T11:59:00Z,152,2025-05-08T11:46:00Z,,,148,90.2,partial,30.7,8.0,ADM01
T00183,2025-05-08,S02,EXC004,electric_excavator,OP1014,truck_loading,m3,155,dry,0.0,2025-05-08T14:41:00Z,124,,,,0,0.0,scheduled,,0.0,ADM01
T00184,2025-05-08,S01,EXC005,electric_mini_excavator,OP1005,trenching,m3,15,dry,0.0,2025-05-08T08:08:00Z,90,2025-05-08T08:08:00Z,2025-05-08T09:49:00Z,101.0,76,15.0,completed,31.8,1.0,ADM01
T00185,2025-05-08,S01,EXC005,electric_mini_excavator,OP1005,trenching,m3,30,dry,0.0,2025-05-08T10:33:00Z,180,2025-05-08T09:58:00Z,2025-05-08T14:34:00Z,276.0,164,30.0,completed,36.4,0.0,ADM01
T00186,2025-05-08,S01,EXC005,electric_mini_excavator,OP1005,trenching,m3,15,dry,0.0,2025-05-08T13:43:00Z,90,2025-05-08T14:39:00Z,2025-05-08T16:28:00Z,109.0,101,15.0,completed,37.6,0.0,ADM01
T00187,2025-05-08,S03,EXC006,excavator,OP1006,truck_loading,m3,225,rocky,4.5,2025-05-08T08:08:00Z,180,2025-05-08T08:06:00Z,2025-05-08T11:33:00Z,207.0,137,225.0,completed,26.5,0.0,ADM01
T00188,2025-05-08,S03,EXC006,excavator,OP1006,trenching,m3,65,rocky,4.5,2025-05-08T12:03:00Z,104,2025-05-08T11:45:00Z,2025-05-08T15:00:00Z,195.0,113,65.0,completed,31.1,0.0,ADM01
T00189,2025-05-08,S03,EXC006,excavator,OP1006,truck_loading,m3,255,rocky,4.5,2025-05-08T13:57:00Z,204,2025-05-08T15:09:00Z,,,81,107.5,partial,31.5,0.0,ADM01
T00190,2025-05-08,S01,WL001,wheel_loader,OP1007,truck_loading,m3,165,dry,0.0,2025-05-08T08:08:00Z,99,2025-05-08T08:05:00Z,2025-05-08T10:16:00Z,131.0,91,165.0,completed,32.3,1.1,ADM01
T00191,2025-05-08,S01,WL001,wheel_loader,OP1007,truck_loading,m3,165,dry,0.0,2025-05-08T09:57:00Z,99,2025-05-08T10:23:00Z,2025-05-08T13:17:00Z,174.0,97,165.0,completed,36.0,0.0,ADM01
T00192,2025-05-08,S01,WL001,wheel_loader,OP1007,truck_loading,m3,310,dry,0.0,2025-05-08T12:31:00Z,186,2025-05-08T13:25:00Z,,,171,299.1,partial,37.6,0.0,ADM01
T00193,2025-05-08,S03,WL002,wheel_loader,OP1008,stockpiling,m3,365,rocky,4.5,2025-05-08T08:08:00Z,175,2025-05-08T08:07:00Z,2025-05-08T11:42:00Z,215.0,167,365.0,completed,26.7,0.0,ADM01
T00194,2025-05-08,S03,WL002,wheel_loader,OP1008,stockpiling,m3,350,rocky,4.5,2025-05-08T11:58:00Z,168,2025-05-08T11:53:00Z,2025-05-08T16:42:00Z,289.0,178,350.0,completed,31.3,0.0,ADM01
T00195,2025-05-08,S02,DZ001,dozer,OP1009,grading,m2,1210,dry,0.0,2025-05-08T08:08:00Z,145,2025-05-08T08:08:00Z,2025-05-08T10:31:00Z,143.0,117,1210.0,completed,27.1,0.0,ADM01
T00196,2025-05-08,S02,DZ001,dozer,OP1009,grading,m2,1625,dry,0.0,2025-05-08T11:28:00Z,195,2025-05-08T10:38:00Z,2025-05-08T15:02:00Z,264.0,182,1625.0,completed,30.8,5.8,ADM01
T00197,2025-05-08,S02,DZ001,dozer,OP1009,grading,m2,1600,dry,0.0,2025-05-08T14:53:00Z,192,2025-05-08T15:06:00Z,,,95,892.6,partial,30.7,2.1,ADM01
T00198,2025-05-08,S03,DZ002,dozer,OP1010,spreading,m3,205,rocky,4.5,2025-05-08T08:08:00Z,134,2025-05-08T08:08:00Z,2025-05-08T10:13:00Z,125.0,107,205.0,completed,25.4,0.0,ADM01
T00199,2025-05-08,S03,DZ002,dozer,OP1010,spreading,m3,285,rocky,4.5,2025-05-08T11:17:00Z,187,2025-05-08T10:24:00Z,2025-05-08T14:24:00Z,240.0,144,285.0,completed,30.0,0.0,ADM01
T00200,2025-05-08,S03,DZ002,dozer,OP1010,grading,m2,1870,rocky,4.5,2025-05-08T14:34:00Z,224,2025-05-08T14:28:00Z,,,126,1164.0,partial,31.5,0.0,ADM01
T00201,2025-05-08,S02,BH002,backhoe_loader,OP1012,trenching,m3,35,dry,0.0,2025-05-08T08:08:00Z,126,2025-05-08T08:05:00Z,2025-05-08T10:32:00Z,147.0,125,35.0,completed,27.1,0.0,ADM01
T00202,2025-05-08,S02,BH002,backhoe_loader,OP1012,trenching,m3,40,dry,0.0,2025-05-08T11:09:00Z,144,2025-05-08T10:36:00Z,2025-05-08T13:50:00Z,194.0,118,40.0,completed,30.8,0.0,ADM01
T00203,2025-05-08,S02,BH002,backhoe_loader,OP1012,trenching,m3,40,dry,0.0,2025-05-08T13:43:00Z,144,2025-05-08T14:01:00Z,,,133,37.7,partial,30.6,7.9,ADM01
T00204,2025-05-09,S01,EXC001,mini_excavator,OP1001,trenching,m3,25,dry,1.2,2025-05-09T08:08:00Z,150,2025-05-09T08:07:00Z,2025-05-09T10:25:00Z,138.0,110,25.0,completed,35.0,0.0,ADM01
T00205,2025-05-09,S01,EXC001,mini_excavator,OP1001,excavation,m3,25,dry,1.2,2025-05-09T11:33:00Z,120,2025-05-09T10:29:00Z,2025-05-09T13:40:00Z,191.0,111,25.0,completed,38.2,0.0,ADM01
T00206,2025-05-09,S01,EXC001,mini_excavator,OP1001,excavation,m3,45,dry,1.2,2025-05-09T13:43:00Z,216,2025-05-09T13:49:00Z,,,141,30.1,partial,40.0,0.0,ADM01
T00207,2025-05-09,S01,EXC002,excavator,OP1002,truck_loading,m3,160,dry,1.2,2025-05-09T08:08:00Z,128,2025-05-09T08:06:00Z,2025-05-09T11:16:00Z,190.0,111,160.0,completed,35.6,0.0,ADM01
T00208,2025-05-09,S01,EXC002,excavator,OP1002,excavation,m3,160,dry,1.2,2025-05-09T11:11:00Z,165,2025-05-09T11:28:00Z,2025-05-09T16:11:00Z,283.0,146,160.0,completed,39.7,0.0,ADM01
T00209,2025-05-09,S01,EXC002,excavator,OP1002,truck_loading,m3,195,dry,1.2,2025-05-09T14:06:00Z,156,2025-05-09T16:23:00Z,,,32,48.3,partial,39.8,0.0,ADM01
T00210,2025-05-09,S02,EXC003,excavator,OP1003,excavation,m3,150,wet,8.0,2025-05-09T08:08:00Z,154,2025-05-09T08:08:00Z,2025-05-09T13:23:00Z,315.0,185,150.0,completed,28.5,0.0,ADM01
T00211,2025-05-09,S02,EXC003,excavator,OP1003,excavation,m3,105,wet,8.0,2025-05-09T11:37:00Z,108,2025-05-09T13:33:00Z,2025-05-09T16:16:00Z,163.0,137,105.0,completed,31.7,0.0,ADM01
T00212,2025-05-09,S02,EXC003,excavator,OP1003,truck_loading,m3,140,wet,8.0,2025-05-09T13:35:00Z,112,2025-05-09T16:23:00Z,,,30,32.7,partial,31.4,0.0,ADM01
T00213,2025-05-09,S02,EXC004,electric_excavator,OP1004,truck_loading,m3,255,wet,8.0,2025-05-09T08:08:00Z,204,2025-05-09T08:08:00Z,2025-05-09T14:38:00Z,390.0,231,255.0,completed,28.7,0.0,ADM01
T00214,2025-05-09,S02,EXC004,electric_excavator,OP1004,truck_loading,m3,270,wet,8.0,2025-05-09T12:27:00Z,216,2025-05-09T14:50:00Z,,,107,113.0,partial,31.6,0.0,ADM01
T00215,2025-05-09,S01,EXC005,electric_mini_excavator,OP1005,excavation,m3,35,dry,1.2,2025-05-09T08:08:00Z,168,2025-05-09T08:08:00Z,2025-05-09T11:32:00Z,204.0,163,35.0,completed,35.8,0.0,ADM01
T00216,2025-05-09,S01,EXC005,electric_mini_excavator,OP1005,trenching,m3,15,dry,1.2,2025-05-09T11:51:00Z,90,2025-05-09T11:39:00Z,2025-05-09T14:29:00Z,170.0,87,15.0,completed,39.4,0.0,ADM01
T00217,2025-05-09,S01,EXC005,electric_mini_excavator,OP1005,trenching,m3,20,dry,1.2,2025-05-09T13:31:00Z,120,2025-05-09T14:35:00Z,,,120,17.9,partial,40.0,0.0,ADM01
T00218,2025-05-09,S03,EXC006,excavator,OP1006,truck_loading,m3,120,rocky,0.0,2025-05-09T08:08:00Z,96,2025-05-09T08:06:00Z,2025-05-09T10:43:00Z,157.0,81,120.0,completed,26.6,0.0,ADM01
T00219,2025-05-09,S03,EXC006,excavator,OP1006,trenching,m3,80,rocky,0.0,2025-05-09T09:54:00Z,128,2025-05-09T10:54:00Z,2025-05-09T14:00:00Z,186.0,118,80.0,completed,30.9,0.0,ADM01
T00220,2025-05-09,S03,EXC006,excavator,OP1006,excavation,m3,120,rocky,0.0,2025-05-09T12:57:00Z,123,2025-05-09T14:08:00Z,2025-05-09T16:34:00Z,146.0,115,120.0,completed,32.4,0.0,ADM01
T00221,2025-05-09,S03,EXC006,excavator,OP1006,truck_loading,m3,130,rocky,0.0,2025-05-09T15:10:00Z,104,2025-05-09T16:39:00Z,,,16,26.6,partial,32.1,0.0,ADM01
T00222,2025-05-09,S01,WL001,wheel_loader,OP1007,stockpiling,m3,255,dry,1.2,2025-05-09T08:08:00Z,122,2025-05-09T08:06:00Z,2025-05-09T11:38:00Z,212.0,114,255.0,completed,35.9,0.0,ADM01
T00223,2025-05-09,S01,WL001,wheel_loader,OP1007,stockpiling,m3,250,dry,1.2,2025-05-09T10:20:00Z,120,2025-05-09T11:49:00Z,2025-05-09T15:45:00Z,236.0,113,250.0,completed,39.8,0.0,ADM01
T00224,2025-05-09,S01,WL001,wheel_loader,OP1007,truck_loading,m3,180,dry,1.2,2025-05-09T12:30:00Z,108,2025-05-09T15:51:00Z,,,30,42.1,partial,39.9,0.0,ADM01
T00225,2025-05-09,S01,WL001,wheel_loader,OP1007,stockpiling,m3,290,dry,1.2,2025-05-09T14:28:00Z,139,,,,0,0.0,scheduled,,0.0,ADM01
T00226,2025-05-09,S03,WL002,wheel_loader,OP1008,truck_loading,m3,310,rocky,0.0,2025-05-09T08:08:00Z,186,2025-05-09T08:05:00Z,2025-05-09T11:17:00Z,192.0,160,310.0,completed,27.1,0.0,ADM01
T00227,2025-05-09,S03,WL002,wheel_loader,OP1008,truck_loading,m3,295,rocky,0.0,2025-05-09T12:09:00Z,177,2025-05-09T11:25:00Z,2025-05-09T16:03:00Z,278.0,173,295.0,completed,31.9,0.0,ADM01
T00228,2025-05-09,S02,DZ001,dozer,OP1009,grading,m2,820,wet,8.0,2025-05-09T08:08:00Z,98,2025-05-09T08:06:00Z,2025-05-09T10:19:00Z,133.0,110,820.0,completed,26.9,0.0,ADM01
T00229,2025-05-09,S02,DZ001,dozer,OP1009,site_clearing,m2,755,wet,8.0,2025-05-09T09:56:00Z,136,2025-05-09T10:25:00Z,2025-05-09T13:55:00Z,210.0,142,755.0,completed,30.1,0.0,ADM01
T00230,2025-05-09,S02,DZ001,dozer,OP1009,grading,m2,1365,wet,8.0,2025-05-09T13:07:00Z,164,2025-05-09T14:03:00Z,,,147,1113.5,partial,31.7,0.0,ADM01
T00231,2025-05-09,S03,DZ002,dozer,OP1008,site_clearing,m2,815,rocky,0.0,2025-05-09T08:08:00Z,147,2025-05-09T08:07:00Z,2025-05-09T10:51:00Z,164.0,146,815.0,completed,26.7,0.0,ADM01
T00232,2025-05-09,S03,DZ002,dozer,OP1008,site_clearing,m2,710,rocky,0.0,2025-05-09T11:30:00Z,128,2025-05-09T10:59:00Z,2025-05-09T14:31:00Z,212.0,147,710.0,completed,31.2,0.0,ADM01
T00233,2025-05-09,S03,DZ002,dozer,OP1008,spreading,m3,185,rocky,0.0,2025-05-09T13:48:00Z,121,2025-05-09T14:38:00Z,2025-05-09T16:49:00Z,131.0,115,185.0,completed,32.4,0.0,ADM01
T00234,2025-05-09,S01,BH001,backhoe_loader,OP1011,trenching,m3,35,dry,1.2,2025-05-09T08:08:00Z,126,2025-05-09T08:06:00Z,2025-05-09T09:52:00Z,106.0,94,35.0,completed,34.6,0.0,ADM01
T00235,2025-05-09,S01,BH001,backhoe_loader,OP1011,trenching,m3,55,dry,1.2,2025-05-09T11:09:00Z,198,2025-05-09T10:02:00Z,2025-05-09T15:41:00Z,339.0,173,55.0,completed,38.5,0.0,ADM01
T00236,2025-05-09,S01,BH001,backhoe_loader,OP1011,backfilling,m3,85,dry,1.2,2025-05-09T14:37:00Z,175,2025-05-09T15:51:00Z,,,59,29.2,partial,39.9,0.0,ADM01
T00237,2025-05-09,S02,BH002,backhoe_loader,OP1012,trenching,m3,40,wet,8.0,2025-05-09T08:08:00Z,144,2025-05-09T08:06:00Z,2025-05-09T11:18:00Z,192.0,163,40.0,completed,27.6,0.0,ADM01
T00238,2025-05-09,S02,BH002,backhoe_loader,OP1012,trenching,m3,40,wet,8.0,2025-05-09T11:27:00Z,144,2025-05-09T11:26:00Z,2025-05-09T15:28:00Z,242.0,161,40.0,completed,31.2,0.0,ADM01
T00239,2025-05-09,S02,BH002,backhoe_loader,OP1012,trenching,m3,45,wet,8.0,2025-05-09T14:01:00Z,162,2025-05-09T15:33:00Z,,,81,22.9,partial,31.5,0.0,ADM01
T00240,2025-05-10,S01,EXC001,mini_excavator,OP1001,excavation,m3,30,dry,0.0,2025-05-10T08:08:00Z,144,2025-05-10T08:08:00Z,2025-05-10T10:19:00Z,131.0,116,30.0,completed,33.9,0.0,ADM01
T00241,2025-05-10,S01,EXC001,mini_excavator,OP1001,trenching,m3,30,dry,0.0,2025-05-10T11:27:00Z,180,2025-05-10T10:29:00Z,2025-05-10T15:08:00Z,279.0,184,30.0,completed,38.4,0.0,ADM01
T00242,2025-05-10,S01,EXC001,mini_excavator,OP1001,trenching,m3,35,dry,0.0,2025-05-10T14:37:00Z,210,2025-05-10T15:20:00Z,,,77,13.4,partial,39.5,0.0,ADM01
T00243,2025-05-10,S01,EXC002,excavator,OP1002,truck_loading,m3,195,dry,0.0,2025-05-10T08:08:00Z,156,2025-05-10T08:07:00Z,2025-05-10T11:18:00Z,191.0,125,195.0,completed,34.7,0.0,ADM01
T00244,2025-05-10,S01,EXC002,excavator,OP1002,excavation,m3,175,dry,0.0,2025-05-10T11:39:00Z,180,2025-05-10T11:26:00Z,2025-05-10T15:38:00Z,252.0,161,175.0,completed,39.1,0.0,ADM01
T00245,2025-05-10,S02,EXC003,excavator,OP1003,excavation,m3,155,dry,0.0,2025-05-10T08:08:00Z,159,2025-05-10T08:07:00Z,2025-05-10T10:57:00Z,170.0,150,155.0,completed,28.2,0.0,ADM01
T00246,2025-05-10,S02,EXC003,excavator,OP1003,trenching,m3,125,dry,0.0,2025-05-10T11:42:00Z,200,2025-05-10T11:04:00Z,2025-05-10T16:12:00Z,308.0,231,125.0,completed,32.5,0.0,ADM01
T00247,2025-05-10,S02,EXC004,electric_excavator,OP1004,excavation,m3,205,dry,0.0,2025-05-10T08:08:00Z,211,2025-05-10T08:05:00Z,2025-05-10T13:25:00Z,320.0,201,205.0,completed,28.9,0.0,ADM01
T00248,2025-05-10,S02,EXC004,electric_excavator,OP1004,trenching,m3,65,dry,0.0,2025-05-10T12:34:00Z,104,2025-05-10T13:36:00Z,2025-05-10T15:42:00Z,126.0,106,65.0,completed,33.1,0.0,ADM01
T00249,2025-05-10,S02,EXC004,electric_excavator,OP1004,trenching,m3,130,dry,0.0,2025-05-10T14:28:00Z,208,2025-05-10T15:51:00Z,,,42,28.4,partial,32.9,0.0,ADM01
T00250,2025-05-10,S01,EXC005,electric_mini_excavator,OP1013,excavation,m3,20,dry,0.0,2025-05-10T08:08:00Z,96,2025-05-10T08:06:00Z,2025-05-10T09:33:00Z,87.0,72,20.0,completed,33.3,0.0,ADM01
T00251,2025-05-10,S01,EXC005,electric_mini_excavator,OP1013,excavation,m3,35,dry,0.0,2025-05-10T10:39:00Z,168,2025-05-10T09:45:00Z,2025-05-10T12:13:00Z,148.0,138,35.0,completed,36.6,0.0,ADM01
T00252,2025-05-10,S01,EXC005,electric_mini_excavator,OP1013,excavation,m3,25,dry,0.0,2025-05-10T13:37:00Z,120,2025-05-10T12:21:00Z,2025-05-10T15:34:00Z,193.0,118,25.0,completed,39.5,0.0,ADM01
T00253,2025-05-10,S03,EXC006,excavator,OP1006,truck_loading,m3,280,rocky,0.0,2025-05-10T08:08:00Z,224,2025-05-10T08:06:00Z,2025-05-10T13:49:00Z,343.0,209,280.0,completed,28.2,0.0,ADM01
T00254,2025-05-10,S03,EXC006,excavator,OP1006,truck_loading,m3,280,rocky,0.0,2025-05-10T12:47:00Z,224,2025-05-10T13:58:00Z,,,100,144.4,partial,31.5,0.0,ADM01
T00255,2025-05-10,S01,WL001,wheel_loader,OP1001,truck_loading,m3,275,dry,0.0,2025-05-10T08:08:00Z,165,2025-05-10T08:08:00Z,2025-05-10T11:16:00Z,188.0,147,275.0,completed,34.7,0.0,ADM01
T00256,2025-05-10,S01,WL001,wheel_loader,OP1001,stockpiling,m3,475,dry,0.0,2025-05-10T11:48:00Z,228,2025-05-10T11:27:00Z,,,229,453.6,partial,39.2,0.0,ADM01
T00257,2025-05-10,S03,WL002,wheel_loader,OP1008,truck_loading,m3,325,rocky,0.0,2025-05-10T08:08:00Z,195,2025-05-10T08:06:00Z,2025-05-10T11:23:00Z,197.0,174,325.0,completed,27.0,0.0,ADM01
T00258,2025-05-10,S03,WL002,wheel_loader,OP1008,stockpiling,m3,285,rocky,0.0,2025-05-10T12:18:00Z,137,2025-05-10T11:32:00Z,2025-05-10T15:11:00Z,219.0,124,285.0,completed,31.0,0.0,ADM01
T00259,2025-05-10,S02,DZ001,dozer,OP1009,grading,m2,1495,dry,0.0,2025-05-10T08:08:00Z,179,2025-05-10T08:08:00Z,2025-05-10T10:27:00Z,139.0,131,1495.0,completed,27.9,0.0,ADM01
T00260,2025-05-10,S02,DZ001,dozer,OP1009,site_clearing,m2,670,dry,0.0,2025-05-10T12:02:00Z,121,2025-05-10T10:37:00Z,2025-05-10T12:30:00Z,113.0,99,670.0,completed,31.0,0.0,ADM01
T00261,2025-05-10,S02,DZ001,dozer,OP1009,spreading,m3,350,dry,0.0,2025-05-10T14:13:00Z,229,2025-05-10T13:24:00Z,,,168,270.7,partial,33.0,0.0,ADM01
T00262,2025-05-10,S03,DZ002,dozer,OP1010,grading,m2,1005,rocky,0.0,2025-05-10T08:08:00Z,121,2025-05-10T08:06:00Z,2025-05-10T09:53:00Z,107.0,92,1005.0,completed,25.9,0.0,ADM01
T00263,2025-05-10,S03,DZ002,dozer,OP1010,site_clearing,m2,1190,rocky,0.0,2025-05-10T11:04:00Z,214,2025-05-10T10:04:00Z,2025-05-10T14:48:00Z,284.0,177,1190.0,completed,30.1,0.0,ADM01
T00264,2025-05-10,S03,DZ002,dozer,OP1010,site_clearing,m2,680,rocky,0.0,2025-05-10T14:48:00Z,122,2025-05-10T14:57:00Z,,,94,474.6,partial,31.5,0.0,ADM01
T00265,2025-05-10,S01,BH001,backhoe_loader,OP1011,backfilling,m3,105,dry,0.0,2025-05-10T08:08:00Z,216,2025-05-10T08:07:00Z,2025-05-10T11:59:00Z,232.0,189,105.0,completed,35.2,0.0,ADM01
T00266,2025-05-10,S01,BH001,backhoe_loader,OP1011,trenching,m3,30,dry,0.0,2025-05-10T12:39:00Z,108,2025-05-10T12:08:00Z,2025-05-10T15:02:00Z,174.0,111,30.0,completed,39.4,0.0,ADM01
T00267,2025-05-10,S01,BH001,backhoe_loader,OP1011,backfilling,m3,85,dry,0.0,2025-05-10T14:37:00Z,175,2025-05-10T15:12:00Z,,,88,43.1,partial,39.5,0.0,ADM01
T00268,2025-05-10,S02,BH002,backhoe_loader,OP1012,trenching,m3,45,dry,0.0,2025-05-10T08:08:00Z,162,2025-05-10T08:08:00Z,2025-05-10T10:37:00Z,149.0,128,45.0,completed,28.0,0.0,ADM01
T00269,2025-05-10,S02,BH002,backhoe_loader,OP1012,backfilling,m3,85,dry,0.0,2025-05-10T11:45:00Z,175,2025-05-10T10:41:00Z,2025-05-10T15:08:00Z,267.0,172,85.0,completed,32.1,0.0,ADM01
T00270,2025-05-12,S01,EXC001,mini_excavator,OP1001,trenching,m3,35,dry,0.0,2025-05-12T08:08:00Z,210,2025-05-12T08:06:00Z,2025-05-12T12:06:00Z,240.0,182,35.0,completed,35.7,0.0,ADM01
T00271,2025-05-12,S01,EXC001,mini_excavator,OP1001,trenching,m3,35,dry,0.0,2025-05-12T12:33:00Z,210,2025-05-12T12:10:00Z,2025-05-12T16:28:00Z,258.0,186,35.0,completed,39.6,0.0,ADM01
T00272,2025-05-12,S01,EXC002,excavator,OP1002,trenching,m3,90,dry,0.0,2025-05-12T08:08:00Z,144,2025-05-12T08:06:00Z,2025-05-12T10:28:00Z,142.0,110,90.0,completed,34.6,0.0,ADM01
T00273,2025-05-12,S01,EXC002,excavator,OP1002,trenching,m3,100,dry,0.0,2025-05-12T11:27:00Z,160,2025-05-12T10:38:00Z,2025-05-12T13:51:00Z,193.0,129,100.0,completed,38.1,0.0,ADM01
T00274,2025-05-12,S01,EXC002,excavator,OP1002,excavation,m3,195,dry,0.0,2025-05-12T14:17:00Z,201,2025-05-12T13:55:00Z,,,148,164.6,partial,39.7,0.0,ADM01
T00275,2025-05-12,S02,EXC003,excavator,OP1003,truck_loading,m3,135,dry,2.6,2025-05-12T08:08:00Z,108,2025-05-12T08:07:00Z,2025-05-12T10:21:00Z,134.0,106,135.0,completed,26.3,0.0,ADM01
T00276,2025-05-12,S02,EXC003,excavator,OP1003,truck_loading,m3,170,dry,2.6,2025-05-12T10:06:00Z,136,2025-05-12T10:27:00Z,2025-05-12T13:45:00Z,198.0,135,170.0,completed,29.1,0.0,ADM01
T00277,2025-05-12,S02,EXC003,excavator,OP1003,excavation,m3,155,dry,2.6,2025-05-12T12:32:00Z,159,2025-05-12T13:53:00Z,,,146,146.9,partial,30.6,0.0,ADM01
T00278,2025-05-12,S02,EXC004,electric_excavator,OP1004,excavation,m3,135,dry,2.6,2025-05-12T08:08:00Z,139,2025-05-12T08:08:00Z,2025-05-12T11:15:00Z,187.0,140,135.0,completed,26.8,0.0,ADM01
T00279,2025-05-12,S02,EXC004,electric_excavator,OP1004,truck_loading,m3,185,dry,2.6,2025-05-12T11:22:00Z,148,2025-05-12T11:21:00Z,2025-05-12T16:20:00Z,299.0,147,185.0,completed,30.2,0.0,ADM01
T00280,2025-05-12,S02,EXC004,electric_excavator,OP1004,excavation,m3,145,dry,2.6,2025-05-12T14:00:00Z,149,2025-05-12T16:29:00Z,,,19,17.9,partial,30.4,0.0,ADM01
T00281,2025-05-12,S01,EXC005,electric_mini_excavator,OP1005,excavation,m3,45,dry,0.0,2025-05-12T08:08:00Z,216,2025-05-12T08:05:00Z,2025-05-12T12:14:00Z,249.0,189,45.0,completed,35.8,0.0,ADM01
T00282,2025-05-12,S01,EXC005,electric_mini_excavator,OP1005,excavation,m3,25,dry,0.0,2025-05-12T12:39:00Z,120,2025-05-12T12:26:00Z,2025-05-12T15:47:00Z,201.0,129,25.0,completed,39.7,0.0,ADM01
T00283,2025-05-12,S03,EXC006,excavator,OP1006,truck_loading,m3,210,rocky,0.0,2025-05-12T08:08:00Z,168,2025-05-12T08:06:00Z,2025-05-12T11:26:00Z,200.0,134,210.0,completed,27.3,0.0,ADM01
T00284,2025-05-12,S03,EXC006,excavator,OP1006,truck_loading,m3,195,rocky,0.0,2025-05-12T11:51:00Z,156,2025-05-12T11:31:00Z,2025-05-12T15:15:00Z,224.0,135,195.0,completed,29.8,7.8,ADM01
T00285,2025-05-12,S03,EXC006,excavator,OP1006,trenching,m3,75,rocky,0.0,2025-05-12T14:37:00Z,120,2025-05-12T15:25:00Z,,,81,53.4,partial,29.4,0.9,ADM01
T00286,2025-05-12,S01,WL001,wheel_loader,OP1007,stockpiling,m3,445,dry,0.0,2025-05-12T08:08:00Z,214,2025-05-12T08:06:00Z,2025-05-12T13:44:00Z,338.0,207,445.0,completed,36.3,0.0,ADM01
T00287,2025-05-12,S01,WL001,wheel_loader,OP1007,stockpiling,m3,470,dry,0.0,2025-05-12T12:37:00Z,226,2025-05-12T13:54:00Z,,,146,264.3,partial,39.7,0.0,ADM01
T00288,2025-05-12,S03,WL002,wheel_loader,OP1008,stockpiling,m3,270,rocky,0.0,2025-05-12T08:08:00Z,130,2025-05-12T08:08:00Z,2025-05-12T10:52:00Z,164.0,115,270.0,completed,27.0,0.0,ADM01
T00289,2025-05-12,S03,WL002,wheel_loader,OP1008,stockpiling,m3,250,rocky,0.0,2025-05-12T10:28:00Z,120,2025-05-12T10:59:00Z,2025-05-12T14:40:00Z,221.0,123,250.0,completed,29.9,4.9,ADM01
T00290,2025-05-12,S03,WL002,wheel_loader,OP1008,truck_loading,m3,300,rocky,0.0,2025-05-12T12:38:00Z,180,2025-05-12T14:49:00Z,,,101,170.1,partial,29.4,2.9,ADM01
T00291,2025-05-12,S02,DZ001,dozer,OP1009,grading,m2,1610,dry,2.6,2025-05-12T08:08:00Z,193,2025-05-12T08:07:00Z,2025-05-12T11:18:00Z,191.0,161,1610.0,completed,26.8,0.0,ADM01
T00292,2025-05-12,S02,DZ001,dozer,OP1009,grading,m2,1115,dry,2.6,2025-05-12T12:16:00Z,134,2025-05-12T11:24:00Z,2025-05-12T15:20:00Z,236.0,111,1115.0,completed,30.0,0.0,ADM01
T00293,2025-05-12,S02,DZ001,dozer,OP1009,site_clearing,m2,1115,dry,2.6,2025-05-12T14:40:00Z,201,2025-05-12T15:28:00Z,,,69,451.2,partial,30.5,0.0,ADM01
T00294,2025-05-12,S03,DZ002,dozer,OP1010,grading,m2,1330,rocky,0.0,2025-05-12T08:08:00Z,160,2025-05-12T08:05:00Z,2025-05-12T10:43:00Z,158.0,124,1330.0,completed,26.9,0.0,ADM01
T00295,2025-05-12,S03,DZ002,dozer,OP1010,spreading,m3,150,rocky,0.0,2025-05-12T11:43:00Z,98,2025-05-12T10:50:00Z,2025-05-12T13:58:00Z,188.0,69,150.0,completed,30.4,0.0,ADM01
T00296,2025-05-12,S03,DZ002,dozer,OP1010,spreading,m3,280,rocky,0.0,2025-05-12T13:31:00Z,183,2025-05-12T14:07:00Z,,,141,247.6,partial,29.3,8.0,ADM01
T00297,2025-05-12,S01,BH001,backhoe_loader,OP1011,trenching,m3,35,dry,0.0,2025-05-12T08:08:00Z,126,2025-05-12T08:06:00Z,2025-05-12T10:23:00Z,137.0,119,35.0,completed,34.6,0.0,ADM01
T00298,2025-05-12,S01,BH001,backhoe_loader,OP1011,backfilling,m3,70,dry,0.0,2025-05-12T11:09:00Z,144,2025-05-12T10:31:00Z,2025-05-12T14:03:00Z,212.0,120,70.0,completed,38.1,0.0,ADM01
T00299,2025-05-12,S01,BH001,backhoe_loader,OP1011,backfilling,m3,70,dry,0.0,2025-05-12T13:43:00Z,144,2025-05-12T14:10:00Z,,,149,62.1,partial,39.7,0.0,ADM01
T00300,2025-05-12,S02,BH002,backhoe_loader,OP1014,backfilling,m3,65,dry,2.6,2025-05-12T08:08:00Z,134,2025-05-12T08:05:00Z,2025-05-12T10:01:00Z,116.0,107,65.0,completed,26.0,0.0,ADM01
T00301,2025-05-12,S02,BH002,backhoe_loader,OP1014,trenching,m3,30,dry,2.6,2025-05-12T10:32:00Z,108,2025-05-12T10:11:00Z,2025-05-12T12:15:00Z,124.0,97,30.0,completed,28.6,0.0,ADM01
T00302,2025-05-12,S02,BH002,backhoe_loader,OP1014,backfilling,m3,70,dry,2.6,2025-05-12T12:30:00Z,144,2025-05-12T12:21:00Z,2025-05-12T16:08:00Z,227.0,128,70.0,completed,30.6,0.0,ADM01
T00303,2025-05-13,S01,EXC001,mini_excavator,OP1001,trenching,m3,20,dry,0.0,2025-05-13T08:08:00Z,120,2025-05-13T08:07:00Z,2025-05-13T11:37:00Z,210.0,121,20.0,completed,36.6,0.0,ADM01
T00304,2025-05-13,S01,EXC001,mini_excavator,OP1001,trenching,m3,35,dry,0.0,2025-05-13T11:03:00Z,210,2025-05-13T11:41:00Z,,,203,34.2,partial,40.8,0.0,ADM01
T00305,2025-05-13,S01,EXC001,mini_excavator,OP1001,excavation,m3,30,dry,0.0,2025-05-13T14:43:00Z,144,,,,0,0.0,scheduled,,0.0,ADM01
T00306,2025-05-13,S01,EXC002,excavator,OP1002,trenching,m3,90,dry,0.0,2025-05-13T08:08:00Z,144,2025-05-13T08:06:00Z,2025-05-13T10:25:00Z,139.0,121,90.0,completed,36.0,0.0,ADM01
T00307,2025-05-13,S01,EXC002,excavator,OP1002,truck_loading,m3,210,dry,0.0,2025-05-13T11:27:00Z,168,2025-05-13T10:32:00Z,2025-05-13T16:51:00Z,379.0,168,210.0,completed,40.1,0.0,ADM01
T00308,2025-05-13,S01,EXC002,excavator,OP1002,trenching,m3,95,dry,0.0,2025-05-13T14:25:00Z,152,2025-05-13T16:59:00Z,,,1,0.6,partial,40.8,0.0,ADM01
T00309,2025-05-13,S02,EXC003,excavator,OP1003,truck_loading,m3,190,dry,0.0,2025-05-13T08:08:00Z,152,2025-05-13T08:08:00Z,2025-05-13T12:23:00Z,255.0,151,190.0,completed,28.1,0.0,ADM01
T00310,2025-05-13,S02,EXC003,excavator,OP1003,trenching,m3,135,dry,0.0,2025-05-13T11:35:00Z,216,2025-05-13T13:18:00Z,,,201,116.1,partial,31.9,0.0,ADM01
T00311,2025-05-13,S02,EXC004,electric_excavator,OP1004,truck_loading,m3,285,dry,0.0,2025-05-13T08:08:00Z,228,2025-05-13T08:08:00Z,2025-05-13T13:46:00Z,338.0,200,285.0,completed,28.7,0.0,ADM01
T00312,2025-05-13,S02,EXC004,electric_excavator,OP1004,excavation,m3,120,dry,0.0,2025-05-13T12:51:00Z,123,2025-05-13T13:57:00Z,,,72,67.0,partial,32.1,0.0,ADM01
T00313,2025-05-13,S01,EXC005,electric_mini_excavator,OP1005,trenching,m3,35,dry,0.0,2025-05-13T08:08:00Z,210,2025-05-13T08:05:00Z,2025-05-13T11:53:00Z,228.0,183,35.0,completed,37.0,0.0,ADM01
T00314,2025-05-13,S01,EXC005,electric_mini_excavator,OP1005,trenching,m3,35,dry,0.0,2025-05-13T12:33:00Z,210,2025-05-13T12:15:00Z,,,188,27.5,partial,40.9,0.0,ADM01
T00315,2025-05-13,S03,EXC006,excavator,OP1006,truck_loading,m3,220,rocky,8.9,2025-05-13T08:08:00Z,176,2025-05-13T08:08:00Z,2025-05-13T11:00:00Z,172.0,130,220.0,completed,26.9,0.0,ADM01
T00316,2025-05-13,S03,EXC006,excavator,OP1006,excavation,m3,210,rocky,8.9,2025-05-13T11:59:00Z,216,2025-05-13T11:10:00Z,2025-05-13T15:59:00Z,289.0,202,210.0,completed,31.6,0.0,ADM01
T00317,2025-05-13,S01,WL001,wheel_loader,OP1007,stockpiling,m3,440,dry,0.0,2025-05-13T08:08:00Z,211,2025-05-13T08:07:00Z,2025-05-13T15:48:00Z,461.0,234,440.0,completed,38.4,0.0,ADM01
T00318,2025-05-13,S01,WL001,wheel_loader,OP1007,truck_loading,m3,375,dry,0.0,2025-05-13T12:34:00Z,225,2025-05-13T15:58:00Z,,,34,47.3,partial,40.8,0.0,ADM01
T00319,2025-05-13,S03,WL002,wheel_loader,OP1008,stockpiling,m3,290,rocky,8.9,2025-05-13T08:08:00Z,139,2025-05-13T08:05:00Z,2025-05-13T10:32:00Z,147.0,125,290.0,completed,26.6,0.0,ADM01
T00320,2025-05-13,S03,WL002,wheel_loader,OP1008,truck_loading,m3,235,rocky,8.9,2025-05-13T11:22:00Z,141,2025-05-13T10:42:00Z,2025-05-13T14:18:00Z,216.0,119,235.0,completed,30.7,0.0,ADM01
T00321,2025-05-13,S03,WL002,wheel_loader,OP1008,stockpiling,m3,385,rocky,8.9,2025-05-13T13:53:00Z,185,2025-05-13T14:27:00Z,,,102,243.4,partial,32.1,0.0,ADM01
T00322,2025-05-13,S02,DZ001,dozer,OP1009,spreading,m3,215,dry,0.0,2025-05-13T08:08:00Z,141,2025-05-13T08:05:00Z,2025-05-13T10:45:00Z,160.0,125,215.0,completed,27.2,0.0,ADM01
T00323,2025-05-13,S02,DZ001,dozer,OP1009,grading,m2,930,dry,0.0,2025-05-13T11:24:00Z,112,2025-05-13T10:55:00Z,2025-05-13T13:52:00Z,177.0,100,930.0,completed,30.7,0.0,ADM01
T00324,2025-05-13,S02,DZ001,dozer,OP1009,grading,m2,1180,dry,0.0,2025-05-13T13:26:00Z,142,2025-05-13T14:00:00Z,2025-05-13T16:33:00Z,153.0,126,1180.0,completed,32.0,0.0,ADM01
T00325,2025-05-13,S03,DZ002,dozer,OP1008,site_clearing,m2,615,rocky,8.9,2025-05-13T08:08:00Z,111,2025-05-13T08:06:00Z,2025-05-13T10:24:00Z,138.0,115,615.0,completed,26.5,0.0,ADM01
T00326,2025-05-13,S03,DZ002,dozer,OP1008,grading,m2,1090,rocky,8.9,2025-05-13T10:09:00Z,131,2025-05-13T10:29:00Z,2025-05-13T13:32:00Z,183.0,122,1090.0,completed,30.1,0.0,ADM01
T00327,2025-05-13,S03,DZ002,dozer,OP1008,grading,m2,1335,rocky,8.9,2025-05-13T12:30:00Z,160,2025-05-13T13:43:00Z,2025-05-13T16:53:00Z,190.0,152,1335.0,completed,32.2,0.0,ADM01
T00328,2025-05-13,S01,BH001,backhoe_loader,OP1011,backfilling,m3,70,dry,0.0,2025-05-13T08:08:00Z,144,2025-05-13T08:05:00Z,2025-05-13T11:27:00Z,202.0,128,70.0,completed,36.4,0.0,ADM01
T00329,2025-05-13,S01,BH001,backhoe_loader,OP1011,backfilling,m3,70,dry,0.0,2025-05-13T11:27:00Z,144,2025-05-13T11:33:00Z,2025-05-13T15:30:00Z,237.0,143,70.0,completed,40.6,0.0,ADM01
T00330,2025-05-13,S01,BH001,backhoe_loader,OP1011,backfilling,m3,105,dry,0.0,2025-05-13T14:01:00Z,216,2025-05-13T15:37:00Z,,,79,39.2,partial,40.9,0.0,ADM01
T00331,2025-05-13,S02,BH002,backhoe_loader,OP1014,backfilling,m3,50,dry,0.0,2025-05-13T08:08:00Z,103,2025-05-13T08:06:00Z,2025-05-13T09:50:00Z,104.0,80,50.0,completed,26.5,0.0,ADM01
T00332,2025-05-13,S02,BH002,backhoe_loader,OP1014,backfilling,m3,75,dry,0.0,2025-05-13T10:46:00Z,154,2025-05-13T10:00:00Z,2025-05-13T13:36:00Z,216.0,117,75.0,completed,30.0,0.0,ADM01
T00333,2025-05-13,S02,BH002,backhoe_loader,OP1014,trenching,m3,30,dry,0.0,2025-05-13T13:30:00Z,108,2025-05-13T13:40:00Z,2025-05-13T15:41:00Z,121.0,100,30.0,completed,32.0,0.0,ADM01
T00334,2025-05-14,S01,EXC001,mini_excavator,OP1005,excavation,m3,45,dry,0.0,2025-05-14T08:08:00Z,216,2025-05-14T08:07:00Z,2025-05-14T11:27:00Z,200.0,188,45.0,completed,35.9,0.0,ADM01
T00335,2025-05-14,S01,EXC001,mini_excavator,OP1005,trenching,m3,35,dry,0.0,2025-05-14T12:39:00Z,210,2025-05-14T11:33:00Z,,,227,32.3,partial,41.1,0.0,ADM01
T00336,2025-05-14,S01,EXC002,excavator,OP1002,trenching,m3,85,dry,0.0,2025-05-14T08:08:00Z,136,2025-05-14T08:08:00Z,2025-05-14T10:20:00Z,132.0,106,85.0,completed,34.9,0.0,ADM01
T00337,2025-05-14,S01,EXC002,excavator,OP1002,trenching,m3,140,dry,0.0,2025-05-14T11:19:00Z,224,2025-05-14T10:27:00Z,2025-05-14T16:01:00Z,334.0,194,140.0,completed,40.3,0.0,ADM01
T00338,2025-05-14,S02,EXC003,excavator,OP1003,trenching,m3,65,dry,0.0,2025-05-14T08:08:00Z,104,2025-05-14T08:06:00Z,2025-05-14T09:51:00Z,105.0,94,65.0,completed,26.6,0.0,ADM01
T00339,2025-05-14,S02,EXC003,excavator,OP1003,excavation,m3,150,dry,0.0,2025-05-14T10:47:00Z,154,2025-05-14T10:02:00Z,2025-05-14T13:33:00Z,211.0,149,150.0,completed,30.3,0.0,ADM01
T00340,2025-05-14,S02,EXC003,excavator,OP1003,excavation,m3,100,dry,0.0,2025-05-14T13:31:00Z,103,2025-05-14T13:42:00Z,2025-05-14T15:50:00Z,128.0,106,100.0,completed,32.5,0.0,ADM01
T00341,2025-05-14,S02,EXC004,electric_excavator,OP1014,trenching,m3,120,dry,0.0,2025-05-14T08:08:00Z,192,2025-05-14T08:05:00Z,2025-05-14T11:07:00Z,182.0,152,120.0,completed,27.6,0.0,ADM01
T00342,2025-05-14,S02,EXC004,electric_excavator,OP1014,truck_loading,m3,180,dry,0.0,2025-05-14T12:15:00Z,144,2025-05-14T11:17:00Z,2025-05-14T16:04:00Z,287.0,135,180.0,completed,32.0,0.0,ADM01
T00343,2025-05-14,S02,EXC004,electric_excavator,OP1014,excavation,m3,195,dry,0.0,2025-05-14T14:49:00Z,201,2025-05-14T16:16:00Z,,,33,37.7,partial,32.2,0.0,ADM01
T00344,2025-05-14,S01,EXC005,electric_mini_excavator,OP1005,trenching,m3,40,dry,0.0,2025-05-14T08:08:00Z,240,2025-05-14T08:07:00Z,2025-05-14T13:26:00Z,319.0,220,40.0,completed,36.8,0.0,ADM01
T00345,2025-05-14,S01,EXC005,electric_mini_excavator,OP1005,excavation,m3,45,dry,0.0,2025-05-14T13:03:00Z,216,2025-05-14T13:32:00Z,,,158,36.1,partial,41.5,0.0,ADM01
T00346,2025-05-14,S03,EXC006,excavator,OP1006,truck_loading,m3,140,rocky,0.0,2025-05-14T08:08:00Z,112,2025-05-14T08:05:00Z,2025-05-14T11:20:00Z,195.0,88,140.0,completed,26.7,0.0,ADM01
T00347,2025-05-14,S03,EXC006,excavator,OP1006,excavation,m3,140,rocky,0.0,2025-05-14T10:55:00Z,144,2025-05-14T11:29:00Z,2025-05-14T15:29:00Z,240.0,150,140.0,completed,30.9,0.0,ADM01
T00348,2025-05-14,S03,EXC006,excavator,OP1006,excavation,m3,185,rocky,0.0,2025-05-14T13:29:00Z,190,2025-05-14T15:38:00Z,,,57,49.7,partial,31.3,0.0,ADM01
T00349,2025-05-14,S01,WL001,wheel_loader,OP1007,truck_loading,m3,340,dry,0.0,2025-05-14T08:08:00Z,204,2025-05-14T08:05:00Z,2025-05-14T13:56:00Z,351.0,195,340.0,completed,37.2,0.0,ADM01
T00350,2025-05-14,S01,WL001,wheel_loader,OP1007,stockpiling,m3,390,dry,0.0,2025-05-14T12:27:00Z,187,2025-05-14T14:15:00Z,,,120,253.7,partial,41.5,0.0,ADM01
T00351,2025-05-14,S03,WL002,wheel_loader,OP1008,stockpiling,m3,310,rocky,0.0,2025-05-14T08:08:00Z,149,2025-05-14T08:06:00Z,2025-05-14T11:07:00Z,181.0,143,310.0,completed,26.3,0.0,ADM01
T00352,2025-05-14,S03,WL002,wheel_loader,OP1008,truck_loading,m3,210,rocky,0.0,2025-05-14T11:32:00Z,126,2025-05-14T11:15:00Z,2025-05-14T14:18:00Z,183.0,111,210.0,completed,30.4,0.0,ADM01
T00353,2025-05-14,S03,WL002,wheel_loader,OP1008,stockpiling,m3,385,rocky,0.0,2025-05-14T13:48:00Z,185,2025-05-14T14:28:00Z,,,91,245.6,partial,31.4,0.0,ADM01
T00354,2025-05-14,S03,DZ002,dozer,OP1010,site_clearing,m2,525,rocky,0.0,2025-05-14T08:08:00Z,94,2025-05-14T08:08:00Z,2025-05-14T10:00:00Z,112.0,90,525.0,completed,25.4,0.0,ADM01
T00355,2025-05-14,S03,DZ002,dozer,OP1010,spreading,m3,270,rocky,0.0,2025-05-14T10:37:00Z,177,2025-05-14T10:06:00Z,2025-05-14T13:42:00Z,216.0,137,270.0,completed,29.3,0.0,ADM01
T00356,2025-05-14,S03,DZ002,dozer,OP1010,spreading,m3,300,rocky,0.0,2025-05-14T13:44:00Z,196,2025-05-14T13:52:00Z,2025-05-14T16:41:00Z,169.0,153,300.0,completed,31.5,0.0,ADM01
T00357,2025-05-14,S01,BH001,backhoe_loader,OP1011,backfilling,m3,95,dry,0.0,2025-05-14T08:08:00Z,195,2025-05-14T08:08:00Z,2025-05-14T11:52:00Z,224.0,184,95.0,completed,36.3,0.0,ADM01
T00358,2025-05-14,S01,BH001,backhoe_loader,OP1011,trenching,m3,30,dry,0.0,2025-05-14T12:18:00Z,108,2025-05-14T11:59:00Z,2025-05-14T15:41:00Z,222.0,112,30.0,completed,41.4,0.0,ADM01
T00359,2025-05-14,S01,BH001,backhoe_loader,OP1011,backfilling,m3,60,dry,0.0,2025-05-14T14:16:00Z,123,2025-05-14T15:48:00Z,,,69,29.6,partial,41.3,0.0,ADM01
T00360,2025-05-14,S02,BH002,backhoe_loader,OP1012,backfilling,m3,100,dry,0.0,2025-05-14T08:08:00Z,206,2025-05-14T08:07:00Z,2025-05-14T12:08:00Z,241.0,188,100.0,completed,28.4,0.0,ADM01
T00361,2025-05-14,S02,BH002,backhoe_loader,OP1012,backfilling,m3,100,dry,0.0,2025-05-14T12:29:00Z,206,2025-05-14T12:15:00Z,2025-05-14T16:49:00Z,274.0,201,100.0,completed,32.4,0.0,ADM01
T00362,2025-05-15,S01,EXC001,mini_excavator,OP1001,trenching,m3,20,dry,0.0,2025-05-15T08:08:00Z,120,2025-05-15T08:08:00Z,2025-05-15T10:19:00Z,131.0,114,20.0,completed,33.8,0.0,ADM01
T00363,2025-05-15,S01,EXC001,mini_excavator,OP1001,trenching,m3,30,dry,0.0,2025-05-15T11:03:00Z,180,2025-05-15T10:31:00Z,2025-05-15T14:29:00Z,238.0,171,30.0,completed,37.5,0.0,ADM01
T00364,2025-05-15,S01,EXC001,mini_excavator,OP1001,trenching,m3,30,dry,0.0,2025-05-15T14:13:00Z,180,2025-05-15T14:37:00Z,,,57,9.4,partial,38.8,0.0,ADM01
T00365,2025-05-15,S01,EXC002,excavator,OP1002,trenching,m3,135,dry,0.0,2025-05-15T08:08:00Z,216,2025-05-15T08:07:00Z,2025-05-15T11:39:00Z,212.0,176,135.0,completed,34.7,0.0,ADM01
T00366,2025-05-15,S01,EXC002,excavator,OP1002,truck_loading,m3,175,dry,0.0,2025-05-15T12:39:00Z,140,2025-05-15T11:50:00Z,2025-05-15T15:13:00Z,203.0,120,175.0,completed,38.4,0.0,ADM01
T00367,2025-05-15,S02,EXC003,excavator,OP1014,excavation,m3,170,dry,0.0,2025-05-15T08:08:00Z,175,2025-05-15T08:05:00Z,2025-05-15T10:42:00Z,157.0,141,170.0,completed,28.1,0.0,ADM01
T00368,2025-05-15,S02,EXC003,excavator,OP1014,trenching,m3,65,dry,0.0,2025-05-15T11:58:00Z,104,2025-05-15T10:47:00Z,2025-05-15T12:25:00Z,98.0,84,65.0,completed,31.4,0.0,ADM01
T00369,2025-05-15,S02,EXC003,excavator,OP1014,truck_loading,m3,130,dry,0.0,2025-05-15T13:52:00Z,104,2025-05-15T12:29:00Z,2025-05-15T15:39:00Z,190.0,95,130.0,completed,33.6,0.0,ADM01
T00370,2025-05-15,S02,EXC004,electric_excavator,OP1004,trenching,m3,125,dry,0.0,2025-05-15T08:08:00Z,200,2025-05-15T08:07:00Z,2025-05-15T11:54:00Z,227.0,185,125.0,completed,29.0,0.0,ADM01
T00371,2025-05-15,S02,EXC004,electric_excavator,OP1004,truck_loading,m3,170,dry,0.0,2025-05-15T12:23:00Z,136,2025-05-15T12:02:00Z,2025-05-15T16:28:00Z,266.0,131,170.0,completed,33.6,0.0,ADM01
T00372,2025-05-15,S02,EXC004,electric_excavator,OP1004,trenching,m3,120,dry,0.0,2025-05-15T14:49:00Z,192,2025-05-15T16:32:00Z,,,21,12.3,partial,33.3,0.0,ADM01
T00373,2025-05-15,S01,EXC005,electric_mini_excavator,OP1005,excavation,m3,35,dry,0.0,2025-05-15T08:08:00Z,168,2025-05-15T08:05:00Z,2025-05-15T10:48:00Z,163.0,145,35.0,completed,34.1,0.0,ADM01
T00374,2025-05-15,S01,EXC005,electric_mini_excavator,OP1005,excavation,m3,25,dry,0.0,2025-05-15T11:51:00Z,120,2025-05-15T10:52:00Z,2025-05-15T14:11:00Z,199.0,119,25.0,completed,37.6,0.0,ADM01
T00375,2025-05-15,S01,EXC005,electric_mini_excavator,OP1005,trenching,m3,15,dry,0.0,2025-05-15T14:01:00Z,90,2025-05-15T14:16:00Z,,,76,12.9,partial,38.8,0.0,ADM01
T00376,2025-05-15,S03,EXC006,excavator,OP1006,truck_loading,m3,240,rocky,4.8,2025-05-15T08:08:00Z,192,2025-05-15T08:06:00Z,2025-05-15T11:10:00Z,184.0,136,240.0,completed,28.2,0.0,ADM01
T00377,2025-05-15,S03,EXC006,excavator,OP1006,excavation,m3,170,rocky,4.8,2025-05-15T12:15:00Z,175,2025-05-15T11:14:00Z,2025-05-15T15:38:00Z,264.0,183,170.0,completed,32.6,0.0,ADM01
T00378,2025-05-15,S03,WL002,wheel_loader,OP1008,truck_loading,m3,360,rocky,4.8,2025-05-15T08:08:00Z,216,2025-05-15T08:06:00Z,2025-05-15T13:21:00Z,315.0,185,360.0,completed,29.2,0.0,ADM01
T00379,2025-05-15,S03,WL002,wheel_loader,OP1008,truck_loading,m3,315,rocky,4.8,2025-05-15T12:39:00Z,189,2025-05-15T13:30:00Z,,,136,255.7,partial,33.1,0.0,ADM01
T00380,2025-05-15,S02,DZ001,dozer,OP1009,spreading,m3,240,dry,0.0,2025-05-15T08:08:00Z,157,2025-05-15T08:07:00Z,2025-05-15T10:58:00Z,171.0,139,240.0,completed,28.2,0.0,ADM01
T00381,2025-05-15,S02,DZ001,dozer,OP1009,spreading,m3,170,dry,0.0,2025-05-15T11:40:00Z,111,2025-05-15T11:05:00Z,2025-05-15T13:46:00Z,161.0,106,170.0,completed,32.1,0.0,ADM01
T00382,2025-05-15,S02,DZ001,dozer,OP1009,site_clearing,m2,1240,dry,0.0,2025-05-15T13:41:00Z,223,2025-05-15T13:58:00Z,,,142,861.6,partial,33.6,0.0,ADM01
T00383,2025-05-15,S03,DZ002,dozer,OP1010,spreading,m3,175,rocky,4.8,2025-05-15T08:08:00Z,115,2025-05-15T08:08:00Z,2025-05-15T09:56:00Z,108.0,87,175.0,completed,27.2,0.0,ADM01
T00384,2025-05-15,S03,DZ002,dozer,OP1010,grading,m2,1630,rocky,4.8,2025-05-15T10:58:00Z,196,2025-05-15T10:01:00Z,2025-05-15T14:13:00Z,252.0,164,1630.0,completed,31.3,0.0,ADM01
T00385,2025-05-15,S03,DZ002,dozer,OP1010,site_clearing,m2,530,rocky,4.8,2025-05-15T14:24:00Z,95,2025-05-15T14:25:00Z,2025-05-15T16:27:00Z,122.0,93,530.0,completed,33.2,0.0,ADM01
T00386,2025-05-15,S01,BH001,backhoe_loader,OP1011,trenching,m3,60,dry,0.0,2025-05-15T08:08:00Z,216,2025-05-15T08:08:00Z,2025-05-15T12:12:00Z,244.0,189,60.0,completed,35.0,0.0,ADM01
T00387,2025-05-15,S01,BH001,backhoe_loader,OP1011,backfilling,m3,50,dry,0.0,2025-05-15T12:39:00Z,103,2025-05-15T12:16:00Z,2025-05-15T15:17:00Z,181.0,107,50.0,completed,38.6,0.0,ADM01
T00388,2025-05-15,S02,BH002,backhoe_loader,OP1012,trenching,m3,65,dry,0.0,2025-05-15T08:08:00Z,234,2025-05-15T08:08:00Z,2025-05-15T12:09:00Z,241.0,214,65.0,completed,29.2,0.0,ADM01
T00389,2025-05-15,S02,BH002,backhoe_loader,OP1012,backfilling,m3,110,dry,0.0,2025-05-15T12:57:00Z,226,2025-05-15T12:17:00Z,2025-05-15T16:57:00Z,280.0,195,110.0,completed,33.5,0.0,ADM01
T00390,2025-05-16,S01,EXC001,mini_excavator,OP1007,trenching,m3,30,wet,29.5,2025-05-16T08:08:00Z,180,2025-05-16T08:05:00Z,2025-05-16T13:29:00Z,324.0,209,30.0,completed,33.6,0.0,ADM01
T00391,2025-05-16,S01,EXC001,mini_excavator,OP1007,trenching,m3,30,wet,29.5,2025-05-16T12:03:00Z,180,2025-05-16T13:35:00Z,,,164,22.5,partial,36.1,0.0,ADM01
T00392,2025-05-16,S01,EXC002,excavator,OP1002,trenching,m3,140,wet,29.5,2025-05-16T08:08:00Z,224,2025-05-16T08:05:00Z,2025-05-16T13:46:00Z,341.0,233,140.0,completed,33.7,0.0,ADM01
T00393,2025-05-16,S01,EXC002,excavator,OP1002,truck_loading,m3,175,wet,29.5,2025-05-16T12:47:00Z,140,2025-05-16T13:57:00Z,,,136,161.2,partial,36.1,0.0,ADM01
T00394,2025-05-16,S02,EXC003,excavator,OP1003,excavation,m3,220,dry,0.0,2025-05-16T08:08:00Z,226,2025-05-16T08:08:00Z,2025-05-16T12:15:00Z,247.0,220,220.0,completed,28.0,0.0,ADM01
T00395,2025-05-16,S02,EXC003,excavator,OP1003,trenching,m3,75,dry,0.0,2025-05-16T12:49:00Z,120,2025-05-16T12:25:00Z,2025-05-16T15:48:00Z,203.0,143,75.0,completed,30.4,7.3,ADM01
T00396,2025-05-16,S02,EXC004,electric_excavator,OP1004,trenching,m3,135,dry,0.0,2025-05-16T08:08:00Z,216,2025-05-16T08:05:00Z,2025-05-16T11:43:00Z,218.0,185,135.0,completed,27.6,0.0,ADM01
T00397,2025-05-16,S02,EXC004,electric_excavator,OP1004,trenching,m3,90,dry,0.0,2025-05-16T12:39:00Z,144,2025-05-16T11:52:00Z,2025-05-16T15:48:00Z,236.0,137,90.0,completed,30.2,7.3,ADM01
T00398,2025-05-16,S01,EXC005,electric_mini_excavator,OP1005,excavation,m3,35,wet,29.5,2025-05-16T08:08:00Z,168,2025-05-16T08:05:00Z,2025-05-16T11:25:00Z,200.0,169,35.0,completed,33.0,0.0,ADM01
T00399,2025-05-16,S01,EXC005,electric_mini_excavator,OP1005,excavation,m3,40,wet,29.5,2025-05-16T11:51:00Z,192,2025-05-16T11:30:00Z,2025-05-16T16:08:00Z,278.0,206,40.0,completed,35.9,0.0,ADM01
T00400,2025-05-16,S01,EXC005,electric_mini_excavator,OP1005,excavation,m3,20,wet,29.5,2025-05-16T15:13:00Z,96,,,,0,0.0,scheduled,,0.0,ADM01
T00401,2025-05-16,S03,EXC006,excavator,OP1015,excavation,m3,205,rocky,0.0,2025-05-16T08:08:00Z,211,2025-05-16T08:07:00Z,2025-05-16T14:15:00Z,368.0,275,205.0,completed,28.7,0.0,ADM01
T00402,2025-05-16,S03,EXC006,excavator,OP1015,truck_loading,m3,245,rocky,0.0,2025-05-16T12:34:00Z,196,2025-05-16T14:19:00Z,,,111,117.2,partial,31.5,0.0,ADM01
T00403,2025-05-16,S01,WL001,wheel_loader,OP1007,stockpiling,m3,405,wet,29.5,2025-05-16T08:08:00Z,194,2025-05-16T08:06:00Z,2025-05-16T14:26:00Z,380.0,239,405.0,completed,34.0,0.0,ADM01
T00404,2025-05-16,S01,WL001,wheel_loader,OP1007,truck_loading,m3,380,wet,29.5,2025-05-16T12:17:00Z,228,2025-05-16T14:31:00Z,,,98,129.4,partial,36.1,0.0,ADM01
T00405,2025-05-16,S03,WL002,wheel_loader,OP1008,stockpiling,m3,255,rocky,0.0,2025-05-16T08:08:00Z,122,2025-05-16T08:08:00Z,2025-05-16T10:36:00Z,148.0,112,255.0,completed,26.9,0.0,ADM01
T00406,2025-05-16,S03,WL002,wheel_loader,OP1008,truck_loading,m3,205,rocky,0.0,2025-05-16T10:20:00Z,123,2025-05-16T10:44:00Z,2025-05-16T13:55:00Z,191.0,107,205.0,completed,30.1,0.0,ADM01
T00407,2025-05-16,S03,WL002,wheel_loader,OP1008,stockpiling,m3,455,rocky,0.0,2025-05-16T12:33:00Z,218,2025-05-16T14:04:00Z,,,153,326.8,partial,31.5,0.0,ADM01
T00408,2025-05-16,S02,DZ001,dozer,OP1009,grading,m2,1885,dry,0.0,2025-05-16T08:08:00Z,226,2025-05-16T08:05:00Z,2025-05-16T11:46:00Z,221.0,186,1885.0,completed,27.7,0.0,ADM01
T00409,2025-05-16,S02,DZ001,dozer,OP1009,grading,m2,1380,dry,0.0,2025-05-16T12:49:00Z,166,2025-05-16T11:57:00Z,2025-05-16T15:40:00Z,223.0,148,1380.0,completed,30.5,7.3,ADM01
T00410,2025-05-16,S03,DZ002,dozer,OP1010,site_clearing,m2,955,rocky,0.0,2025-05-16T08:08:00Z,172,2025-05-16T08:05:00Z,2025-05-16T11:18:00Z,193.0,159,955.0,completed,27.3,0.0,ADM01
T00411,2025-05-16,S03,DZ002,dozer,OP1010,site_clearing,m2,1185,rocky,0.0,2025-05-16T11:55:00Z,213,2025-05-16T11:22:00Z,2025-05-16T16:47:00Z,325.0,222,1185.0,completed,31.1,0.0,ADM01
T00412,2025-05-16,S01,BH001,backhoe_loader,OP1011,trenching,m3,35,wet,29.5,2025-05-16T08:08:00Z,126,2025-05-16T08:07:00Z,2025-05-16T10:53:00Z,166.0,132,35.0,completed,32.7,0.0,ADM01
T00413,2025-05-16,S01,BH001,backhoe_loader,OP1011,trenching,m3,60,wet,29.5,2025-05-16T11:09:00Z,216,2025-05-16T10:59:00Z,2025-05-16T15:58:00Z,299.0,223,60.0,completed,35.7,0.0,ADM01
T00414,2025-05-16,S01,BH001,backhoe_loader,OP1011,trenching,m3,25,wet,29.5,2025-05-16T14:55:00Z,90,2025-05-16T16:09:00Z,,,49,14.1,partial,36.0,0.0,ADM01
T00415,2025-05-16,S02,BH002,backhoe_loader,OP1012,trenching,m3,50,dry,0.0,2025-05-16T08:08:00Z,180,2025-05-16T08:08:00Z,2025-05-16T11:48:00Z,220.0,151,50.0,completed,27.4,0.0,ADM01
T00416,2025-05-16,S02,BH002,backhoe_loader,OP1012,backfilling,m3,100,dry,0.0,2025-05-16T12:03:00Z,206,2025-05-16T11:56:00Z,2025-05-16T16:30:00Z,274.0,196,100.0,completed,30.6,7.3,ADM01
T00417,2025-05-17,S01,EXC001,mini_excavator,OP1001,trenching,m3,30,dry,0.0,2025-05-17T08:08:00Z,180,2025-05-17T08:07:00Z,2025-05-17T11:10:00Z,183.0,136,30.0,completed,32.4,0.0,ADM01
T00418,2025-05-17,S01,EXC001,mini_excavator,OP1001,excavation,m3,30,dry,0.0,2025-05-17T12:03:00Z,144,2025-05-17T11:17:00Z,2025-05-17T14:52:00Z,215.0,147,30.0,completed,36.1,0.0,ADM01
T00419,2025-05-17,S01,EXC001,mini_excavator,OP1001,trenching,m3,30,dry,0.0,2025-05-17T14:37:00Z,180,2025-05-17T15:03:00Z,,,104,18.4,partial,36.7,0.0,ADM01
T00420,2025-05-17,S01,EXC002,excavator,OP1002,trenching,m3,140,dry,0.0,2025-05-17T08:08:00Z,224,2025-05-17T08:06:00Z,2025-05-17T11:19:00Z,193.0,170,140.0,completed,32.5,0.0,ADM01
T00421,2025-05-17,S01,EXC002,excavator,OP1002,excavation,m3,140,dry,0.0,2025-05-17T12:47:00Z,144,2025-05-17T11:23:00Z,2025-05-17T14:31:00Z,188.0,112,140.0,completed,36.0,0.0,ADM01
T00422,2025-05-17,S02,EXC003,excavator,OP1003,truck_loading,m3,120,wet,7.3,2025-05-17T08:08:00Z,96,2025-05-17T08:08:00Z,2025-05-17T10:19:00Z,131.0,119,120.0,completed,26.3,0.0,ADM01
T00423,2025-05-17,S02,EXC003,excavator,OP1003,excavation,m3,190,wet,7.3,2025-05-17T10:39:00Z,195,2025-05-17T10:26:00Z,2025-05-17T16:17:00Z,351.0,254,190.0,completed,31.0,1.2,ADM01
T00424,2025-05-17,S02,EXC003,excavator,OP1003,excavation,m3,200,wet,7.3,2025-05-17T14:04:00Z,206,2025-05-17T16:21:00Z,,,29,18.0,partial,30.0,2.7,ADM01
T00425,2025-05-17,S02,EXC004,electric_excavator,OP1004,trenching,m3,135,wet,7.3,2025-05-17T08:08:00Z,216,2025-05-17T08:05:00Z,2025-05-17T14:12:00Z,367.0,238,135.0,completed,28.3,0.0,ADM01
T00426,2025-05-17,S02,EXC004,electric_excavator,OP1004,truck_loading,m3,230,wet,7.3,2025-05-17T12:39:00Z,184,2025-05-17T14:20:00Z,,,94,94.7,partial,31.2,4.1,ADM01
T00427,2025-05-17,S01,EXC005,electric_mini_excavator,OP1005,trenching,m3,20,dry,0.0,2025-05-17T08:08:00Z,120,2025-05-17T08:08:00Z,2025-05-17T10:17:00Z,129.0,113,20.0,completed,31.9,0.0,ADM01
T00428,2025-05-17,S01,EXC005,electric_mini_excavator,OP1005,trenching,m3,20,dry,0.0,2025-05-17T10:18:00Z,120,2025-05-17T10:28:00Z,2025-05-17T13:42:00Z,194.0,116,20.0,completed,35.1,0.0,ADM01
T00429,2025-05-17,S01,EXC005,electric_mini_excavator,OP1005,trenching,m3,35,dry,0.0,2025-05-17T13:13:00Z,210,2025-05-17T13:52:00Z,,,134,25.3,partial,36.8,0.0,ADM01
T00430,2025-05-17,S03,EXC006,excavator,OP1006,trenching,m3,100,rocky,0.0,2025-05-17T08:08:00Z,160,2025-05-17T08:07:00Z,2025-05-17T11:21:00Z,194.0,151,100.0,completed,27.0,0.0,ADM01
T00431,2025-05-17,S03,EXC006,excavator,OP1006,trenching,m3,100,rocky,0.0,2025-05-17T11:43:00Z,160,2025-05-17T11:25:00Z,2025-05-17T15:01:00Z,216.0,151,100.0,completed,31.0,0.0,ADM01
T00432,2025-05-17,S03,EXC006,excavator,OP1006,trenching,m3,75,rocky,0.0,2025-05-17T14:33:00Z,120,2025-05-17T15:11:00Z,,,85,57.4,partial,31.6,0.0,ADM01
T00433,2025-05-17,S01,WL001,wheel_loader,OP1013,stockpiling,m3,295,dry,0.0,2025-05-17T08:08:00Z,142,2025-05-17T08:05:00Z,2025-05-17T10:28:00Z,143.0,106,295.0,completed,32.0,0.0,ADM01
T00434,2025-05-17,S01,WL001,wheel_loader,OP1013,stockpiling,m3,340,dry,0.0,2025-05-17T11:25:00Z,163,2025-05-17T10:34:00Z,2025-05-17T13:49:00Z,195.0,123,340.0,completed,35.2,0.0,ADM01
T00435,2025-05-17,S01,WL001,wheel_loader,OP1013,truck_loading,m3,300,dry,0.0,2025-05-17T14:18:00Z,180,2025-05-17T13:59:00Z,,,139,256.6,partial,36.8,0.0,ADM01
T00436,2025-05-17,S03,WL002,wheel_loader,OP1008,truck_loading,m3,265,rocky,0.0,2025-05-17T08:08:00Z,159,2025-05-17T08:06:00Z,2025-05-17T10:49:00Z,163.0,127,265.0,completed,26.6,0.0,ADM01
T00437,2025-05-17,S03,WL002,wheel_loader,OP1008,truck_loading,m3,360,rocky,0.0,2025-05-17T11:42:00Z,216,2025-05-17T10:58:00Z,2025-05-17T15:42:00Z,284.0,194,360.0,completed,31.0,0.0,ADM01
T00438,2025-05-17,S02,DZ001,dozer,OP1009,spreading,m3,180,wet,7.3,2025-05-17T08:08:00Z,118,2025-05-17T08:08:00Z,2025-05-17T10:57:00Z,169.0,129,180.0,completed,26.8,0.0,ADM01
T00439,2025-05-17,S02,DZ001,dozer,OP1009,site_clearing,m2,875,wet,7.3,2025-05-17T11:01:00Z,158,2025-05-17T11:05:00Z,2025-05-17T15:56:00Z,291.0,197,875.0,completed,31.5,0.0,ADM01
T00440,2025-05-17,S02,DZ001,dozer,OP1009,site_clearing,m2,900,wet,7.3,2025-05-17T13:49:00Z,162,2025-05-17T16:08:00Z,,,47,211.7,partial,30.0,3.6,ADM01
T00441,2025-05-17,S03,DZ002,dozer,OP1010,spreading,m3,325,rocky,0.0,2025-05-17T08:08:00Z,213,2025-05-17T08:07:00Z,2025-05-17T11:36:00Z,209.0,174,325.0,completed,27.2,0.0,ADM01
T00442,2025-05-17,S03,DZ002,dozer,OP1010,spreading,m3,335,rocky,0.0,2025-05-17T12:36:00Z,219,2025-05-17T11:44:00Z,2025-05-17T15:26:00Z,222.0,155,335.0,completed,31.3,0.0,ADM01
T00443,2025-05-17,S01,BH001,backhoe_loader,OP1011,backfilling,m3,60,dry,0.0,2025-05-17T08:08:00Z,123,2025-05-17T08:05:00Z,2025-05-17T10:22:00Z,137.0,109,60.0,completed,31.9,0.0,ADM01
T00444,2025-05-17,S01,BH001,backhoe_loader,OP1011,trenching,m3,60,dry,0.0,2025-05-17T11:06:00Z,216,2025-05-17T10:27:00Z,2025-05-17T14:42:00Z,255.0,174,60.0,completed,35.6,0.0,ADM01
T00445,2025-05-17,S01,BH001,backhoe_loader,OP1011,backfilling,m3,55,dry,0.0,2025-05-17T14:52:00Z,113,2025-05-17T14:51:00Z,2025-05-17T16:51:00Z,120.0,93,55.0,completed,36.7,0.0,ADM01
T00446,2025-05-17,S02,BH002,backhoe_loader,OP1014,trenching,m3,35,wet,7.3,2025-05-17T08:08:00Z,126,2025-05-17T08:07:00Z,2025-05-17T10:44:00Z,157.0,122,35.0,completed,26.6,0.0,ADM01
T00447,2025-05-17,S02,BH002,backhoe_loader,OP1014,backfilling,m3,90,wet,7.3,2025-05-17T11:09:00Z,185,2025-05-17T10:50:00Z,2025-05-17T14:45:00Z,235.0,161,90.0,completed,31.0,0.0,ADM01
T00448,2025-05-17,S02,BH002,backhoe_loader,OP1014,trenching,m3,45,wet,7.3,2025-05-17T14:24:00Z,162,2025-05-17T14:54:00Z,,,89,27.0,partial,31.0,4.1,ADM01
T00449,2025-05-19,S01,EXC001,mini_excavator,OP1005,trenching,m3,40,dry,0.0,2025-05-19T08:08:00Z,240,2025-05-19T08:06:00Z,2025-05-19T12:26:00Z,260.0,215,40.0,completed,36.2,0.0,ADM01
T00450,2025-05-19,S01,EXC001,mini_excavator,OP1005,excavation,m3,25,dry,0.0,2025-05-19T13:03:00Z,120,2025-05-19T13:17:00Z,2025-05-19T15:17:00Z,120.0,112,25.0,completed,39.4,0.0,ADM01
T00451,2025-05-19,S01,EXC002,excavator,OP1002,trenching,m3,105,dry,0.0,2025-05-19T08:08:00Z,168,2025-05-19T08:07:00Z,2025-05-19T10:42:00Z,155.0,135,105.0,completed,35.2,0.0,ADM01
T00452,2025-05-19,S01,EXC002,excavator,OP1002,excavation,m3,95,dry,0.0,2025-05-19T11:51:00Z,98,2025-05-19T10:52:00Z,2025-05-19T13:34:00Z,162.0,85,95.0,completed,38.1,0.0,ADM01
T00453,2025-05-19,S01,EXC002,excavator,OP1002,excavation,m3,145,dry,0.0,2025-05-19T13:39:00Z,149,2025-05-19T13:41:00Z,2025-05-19T16:41:00Z,180.0,122,145.0,completed,39.4,0.0,ADM01
T00454,2025-05-19,S02,EXC003,excavator,OP1003,truck_loading,m3,260,dry,3.1,2025-05-19T08:08:00Z,208,2025-05-19T08:07:00Z,2025-05-19T13:57:00Z,350.0,208,260.0,completed,28.8,0.0,ADM01
T00455,2025-05-19,S02,EXC003,excavator,OP1003,truck_loading,m3,120,dry,3.1,2025-05-19T12:31:00Z,96,2025-05-19T14:06:00Z,2025-05-19T15:57:00Z,111.0,91,120.0,completed,31.8,0.0,ADM01
T00456,2025-05-19,S02,EXC003,excavator,OP1003,truck_loading,m3,150,dry,3.1,2025-05-19T14:17:00Z,120,2025-05-19T16:07:00Z,,,39,44.5,partial,31.5,0.0,ADM01
T00457,2025-05-19,S01,EXC005,electric_mini_excavator,OP1013,excavation,m3,45,dry,0.0,2025-05-19T08:08:00Z,216,2025-05-19T08:06:00Z,2025-05-19T11:23:00Z,197.0,174,45.0,completed,35.6,0.0,ADM01
T00458,2025-05-19,S01,EXC005,electric_mini_excavator,OP1013,excavation,m3,45,dry,0.0,2025-05-19T12:39:00Z,216,2025-05-19T11:32:00Z,,,195,44.4,partial,39.1,0.0,ADM01
T00459,2025-05-19,S03,EXC006,excavator,OP1006,excavation,m3,110,rocky,0.0,2025-05-19T08:08:00Z,113,2025-05-19T08:08:00Z,2025-05-19T10:18:00Z,130.0,109,110.0,completed,27.6,0.0,ADM01
T00460,2025-05-19,S03,EXC006,excavator,OP1006,trenching,m3,130,rocky,0.0,2025-05-19T10:56:00Z,208,2025-05-19T10:23:00Z,2025-05-19T16:02:00Z,339.0,227,130.0,completed,32.9,0.0,ADM01
T00461,2025-05-19,S03,EXC006,excavator,OP1006,excavation,m3,100,rocky,0.0,2025-05-19T14:34:00Z,103,2025-05-19T16:10:00Z,,,38,36.1,partial,33.7,0.0,ADM01
T00462,2025-05-19,S01,WL001,wheel_loader,OP1007,stockpiling,m3,440,dry,0.0,2025-05-19T08:08:00Z,211,2025-05-19T08:07:00Z,2025-05-19T14:51:00Z,404.0,238,440.0,completed,37.1,0.0,ADM01
T00463,2025-05-19,S01,WL001,wheel_loader,OP1007,truck_loading,m3,225,dry,0.0,2025-05-19T12:34:00Z,135,2025-05-19T15:03:00Z,,,91,148.3,partial,39.3,0.0,ADM01
T00464,2025-05-19,S01,WL001,wheel_loader,OP1007,stockpiling,m3,345,dry,0.0,2025-05-19T14:59:00Z,166,,,,0,0.0,scheduled,,0.0,ADM01
T00465,2025-05-19,S03,WL002,wheel_loader,OP1008,truck_loading,m3,320,rocky,0.0,2025-05-19T08:08:00Z,192,2025-05-19T08:05:00Z,2025-05-19T11:34:00Z,209.0,171,320.0,completed,28.7,0.0,ADM01
T00466,2025-05-19,S03,WL002,wheel_loader,OP1008,stockpiling,m3,230,rocky,0.0,2025-05-19T12:15:00Z,110,2025-05-19T11:40:00Z,2025-05-19T14:18:00Z,158.0,92,230.0,completed,33.2,0.0,ADM01
T00467,2025-05-19,S03,WL002,wheel_loader,OP1008,stockpiling,m3,395,rocky,0.0,2025-05-19T14:15:00Z,190,2025-05-19T14:29:00Z,,,93,204.3,partial,34.0,0.0,ADM01
T00468,2025-05-19,S02,DZ001,dozer,OP1009,site_clearing,m2,950,dry,3.1,2025-05-19T08:08:00Z,171,2025-05-19T08:07:00Z,2025-05-19T10:46:00Z,159.0,147,950.0,completed,27.2,0.0,ADM01
T00469,2025-05-19,S02,DZ001,dozer,OP1009,grading,m2,905,dry,3.1,2025-05-19T11:54:00Z,109,2025-05-19T10:53:00Z,2025-05-19T13:16:00Z,143.0,86,905.0,completed,30.1,0.0,ADM01
T00470,2025-05-19,S02,DZ001,dozer,OP1009,grading,m2,900,dry,3.1,2025-05-19T13:53:00Z,108,2025-05-19T13:23:00Z,2025-05-19T15:12:00Z,109.0,103,900.0,completed,31.7,0.0,ADM01
T00471,2025-05-19,S03,DZ002,dozer,OP1010,grading,m2,1610,rocky,0.0,2025-05-19T08:08:00Z,193,2025-05-19T08:05:00Z,2025-05-19T11:09:00Z,184.0,159,1610.0,completed,28.4,0.0,ADM01
T00472,2025-05-19,S03,DZ002,dozer,OP1010,spreading,m3,165,rocky,0.0,2025-05-19T12:16:00Z,108,2025-05-19T11:17:00Z,2025-05-19T13:49:00Z,152.0,100,165.0,completed,32.6,0.0,ADM01
T00473,2025-05-19,S03,DZ002,dozer,OP1010,grading,m2,870,rocky,0.0,2025-05-19T14:14:00Z,104,2025-05-19T13:59:00Z,2025-05-19T15:43:00Z,104.0,84,870.0,completed,34.2,0.0,ADM01
T00474,2025-05-19,S01,BH001,backhoe_loader,OP1011,trenching,m3,45,dry,0.0,2025-05-19T08:08:00Z,162,2025-05-19T08:07:00Z,2025-05-19T11:03:00Z,176.0,149,45.0,completed,35.4,0.0,ADM01
T00475,2025-05-19,S01,BH001,backhoe_loader,OP1011,trenching,m3,50,dry,0.0,2025-05-19T11:45:00Z,180,2025-05-19T11:15:00Z,2025-05-19T15:09:00Z,234.0,154,50.0,completed,38.9,0.0,ADM01
T00476,2025-05-19,S02,BH002,backhoe_loader,OP1012,backfilling,m3,100,dry,3.1,2025-05-19T08:08:00Z,206,2025-05-19T08:08:00Z,2025-05-19T12:01:00Z,233.0,183,100.0,completed,28.0,0.0,ADM01
T00477,2025-05-19,S02,BH002,backhoe_loader,OP1012,backfilling,m3,85,dry,3.1,2025-05-19T12:29:00Z,175,2025-05-19T12:09:00Z,2025-05-19T16:34:00Z,265.0,182,85.0,completed,31.6,0.0,ADM01
T00478,2025-05-20,S01,EXC001,mini_excavator,OP1001,excavation,m3,30,dry,0.0,2025-05-20T08:08:00Z,144,2025-05-20T08:06:00Z,2025-05-20T10:35:00Z,149.0,139,30.0,completed,33.1,0.0,ADM01
T00479,2025-05-20,S01,EXC001,mini_excavator,OP1001,trenching,m3,35,dry,0.0,2025-05-20T11:27:00Z,210,2025-05-20T10:44:00Z,2025-05-20T15:12:00Z,268.0,174,35.0,completed,36.7,0.0,ADM01
T00480,2025-05-20,S01,EXC002,excavator,OP1002,truck_loading,m3,140,dry,0.0,2025-05-20T08:08:00Z,112,2025-05-20T08:08:00Z,2025-05-20T10:32:00Z,144.0,99,140.0,completed,33.1,0.0,ADM01
T00481,2025-05-20,S01,EXC002,excavator,OP1002,truck_loading,m3,205,dry,0.0,2025-05-20T10:55:00Z,164,2025-05-20T10:39:00Z,2025-05-20T15:24:00Z,285.0,147,205.0,completed,36.6,0.0,ADM01
T00482,2025-05-20,S01,EXC002,excavator,OP1002,trenching,m3,100,dry,0.0,2025-05-20T13:49:00Z,160,2025-05-20T15:35:00Z,,,72,50.8,partial,37.4,0.0,ADM01
T00483,2025-05-20,S02,EXC003,excavator,OP1012,truck_loading,m3,120,dry,0.0,2025-05-20T08:08:00Z,96,2025-05-20T08:06:00Z,2025-05-20T09:57:00Z,111.0,83,120.0,completed,27.2,0.0,ADM01
T00484,2025-05-20,S02,EXC003,excavator,OP1012,excavation,m3,115,dry,0.0,2025-05-20T09:54:00Z,118,2025-05-20T10:08:00Z,2025-05-20T12:28:00Z,140.0,104,115.0,completed,31.1,0.0,ADM01
T00485,2025-05-20,S02,EXC003,excavator,OP1012,excavation,m3,215,dry,0.0,2025-05-20T12:47:00Z,221,2025-05-20T13:21:00Z,,,169,178.2,partial,33.9,0.0,ADM01
T00486,2025-05-20,S02,EXC004,electric_excavator,OP1004,excavation,m3,200,dry,0.0,2025-05-20T08:08:00Z,206,2025-05-20T08:05:00Z,2025-05-20T13:53:00Z,348.0,207,200.0,completed,29.3,0.0,ADM01
T00487,2025-05-20,S02,EXC004,electric_excavator,OP1004,trenching,m3,125,dry,0.0,2025-05-20T12:29:00Z,200,2025-05-20T13:57:00Z,,,148,87.4,partial,34.0,0.0,ADM01
T00488,2025-05-20,S01,EXC005,electric_mini_excavator,OP1005,trenching,m3,20,dry,0.0,2025-05-20T08:08:00Z,120,2025-05-20T08:05:00Z,2025-05-20T10:47:00Z,162.0,117,20.0,completed,33.2,0.0,ADM01
T00489,2025-05-20,S01,EXC005,electric_mini_excavator,OP1005,trenching,m3,20,dry,0.0,2025-05-20T10:18:00Z,120,2025-05-20T10:52:00Z,2025-05-20T13:44:00Z,172.0,110,20.0,completed,36.2,0.0,ADM01
T00490,2025-05-20,S01,EXC005,electric_mini_excavator,OP1005,excavation,m3,40,dry,0.0,2025-05-20T13:13:00Z,192,2025-05-20T13:52:00Z,,,143,27.8,partial,37.5,0.0,ADM01
T00491,2025-05-20,S03,EXC006,excavator,OP1015,excavation,m3,190,rocky,0.0,2025-05-20T08:08:00Z,195,2025-05-20T08:07:00Z,,,256,188.6,partial,31.2,0.0,ADM01
T00492,2025-05-20,S03,EXC006,excavator,OP1015,truck_loading,m3,275,rocky,0.0,2025-05-20T12:18:00Z,220,,,,0,0.0,scheduled,,0.0,ADM01
T00493,2025-05-20,S01,WL001,wheel_loader,OP1007,stockpiling,m3,205,dry,0.0,2025-05-20T08:08:00Z,98,2025-05-20T08:06:00Z,2025-05-20T10:05:00Z,119.0,88,205.0,completed,32.7,0.0,ADM01
T00494,2025-05-20,S01,WL001,wheel_loader,OP1007,truck_loading,m3,245,dry,0.0,2025-05-20T09:56:00Z,147,2025-05-20T10:10:00Z,2025-05-20T13:41:00Z,211.0,122,245.0,completed,35.8,0.0,ADM01
T00495,2025-05-20,S01,WL001,wheel_loader,OP1007,stockpiling,m3,385,dry,0.0,2025-05-20T12:33:00Z,185,2025-05-20T13:48:00Z,,,127,252.3,partial,37.5,0.0,ADM01
T00496,2025-05-20,S03,WL002,wheel_loader,OP1008,truck_loading,m3,290,rocky,0.0,2025-05-20T08:08:00Z,174,2025-05-20T08:05:00Z,2025-05-20T11:34:00Z,209.0,165,290.0,completed,29.5,0.0,ADM01
T00497,2025-05-20,S03,WL002,wheel_loader,OP1008,stockpiling,m3,390,rocky,0.0,2025-05-20T11:57:00Z,187,2025-05-20T11:40:00Z,,,152,379.1,partial,33.6,0.0,ADM01
T00498,2025-05-20,S02,DZ001,dozer,OP1009,site_clearing,m2,985,dry,0.0,2025-05-20T08:08:00Z,177,2025-05-20T08:06:00Z,2025-05-20T11:24:00Z,198.0,156,985.0,completed,28.5,0.0,ADM01
T00499,2025-05-20,S02,DZ001,dozer,OP1009,site_clearing,m2,775,dry,0.0,2025-05-20T12:00:00Z,140,2025-05-20T11:35:00Z,2025-05-20T14:25:00Z,170.0,114,775.0,completed,33.1,0.0,ADM01
T00500,2025-05-20,S02,DZ001,dozer,OP1009,spreading,m3,260,dry,0.0,2025-05-20T14:30:00Z,170,2025-05-20T14:33:00Z,,,126,196.1,partial,33.9,0.0,ADM01
T00501,2025-05-20,S03,DZ002,dozer,OP1010,grading,m2,1865,rocky,0.0,2025-05-20T08:08:00Z,224,2025-05-20T08:06:00Z,2025-05-20T12:24:00Z,258.0,196,1865.0,completed,30.2,0.0,ADM01
T00502,2025-05-20,S03,DZ002,dozer,OP1010,site_clearing,m2,955,rocky,0.0,2025-05-20T12:47:00Z,172,2025-05-20T13:21:00Z,,,119,666.0,partial,33.8,0.0,ADM01
T00503,2025-05-20,S01,BH001,backhoe_loader,OP1011,trenching,m3,55,dry,0.0,2025-05-20T08:08:00Z,198,2025-05-20T08:08:00Z,2025-05-20T11:34:00Z,206.0,167,55.0,completed,33.7,0.0,ADM01
T00504,2025-05-20,S01,BH001,backhoe_loader,OP1011,backfilling,m3,65,dry,0.0,2025-05-20T12:21:00Z,134,2025-05-20T11:42:00Z,2025-05-20T14:27:00Z,165.0,117,65.0,completed,37.0,0.0,ADM01
T00505,2025-05-20,S02,BH002,backhoe_loader,OP1014,backfilling,m3,50,dry,0.0,2025-05-20T08:08:00Z,103,2025-05-20T08:07:00Z,2025-05-20T09:46:00Z,99.0,85,50.0,completed,27.1,0.0,ADM01
T00506,2025-05-20,S02,BH002,backhoe_loader,OP1014,trenching,m3,40,dry,0.0,2025-05-20T10:01:00Z,144,2025-05-20T09:58:00Z,2025-05-20T12:19:00Z,141.0,110,40.0,completed,30.9,0.0,ADM01
T00507,2025-05-20,S02,BH002,backhoe_loader,OP1014,trenching,m3,45,dry,0.0,2025-05-20T12:35:00Z,162,2025-05-20T12:28:00Z,2025-05-20T16:26:00Z,238.0,155,45.0,completed,33.9,0.0,ADM01
T00508,2025-05-21,S01,EXC001,mini_excavator,OP1001,excavation,m3,30,dry,0.0,2025-05-21T08:08:00Z,144,2025-05-21T08:05:00Z,2025-05-21T10:23:00Z,138.0,124,30.0,completed,34.7,0.0,ADM01
T00509,2025-05-21,S01,EXC001,mini_excavator,OP1001,trenching,m3,25,dry,0.0,2025-05-21T11:27:00Z,150,2025-05-21T10:34:00Z,2025-05-21T13:50:00Z,196.0,131,25.0,completed,37.7,0.0,ADM01
T00510,2025-05-21,S01,EXC001,mini_excavator,OP1001,excavation,m3,30,dry,0.0,2025-05-21T14:07:00Z,144,2025-05-21T13:58:00Z,2025-05-21T16:46:00Z,168.0,130,30.0,completed,39.1,0.0,ADM01
T00511,2025-05-21,S01,EXC002,excavator,OP1002,trenching,m3,100,dry,0.0,2025-05-21T08:08:00Z,160,2025-05-21T08:06:00Z,2025-05-21T10:45:00Z,159.0,131,100.0,completed,34.9,0.0,ADM01
T00512,2025-05-21,S01,EXC002,excavator,OP1002,truck_loading,m3,145,dry,0.0,2025-05-21T11:43:00Z,116,2025-05-21T10:54:00Z,2025-05-21T13:25:00Z,151.0,94,145.0,completed,37.7,0.0,ADM01
T00513,2025-05-21,S01,EXC002,excavator,OP1002,excavation,m3,120,dry,0.0,2025-05-21T13:49:00Z,123,2025-05-21T13:32:00Z,2025-05-21T16:01:00Z,149.0,104,120.0,completed,39.1,0.0,ADM01
T00514,2025-05-21,S02,EXC003,excavator,OP1003,truck_loading,m3,220,dry,0.0,2025-05-21T08:08:00Z,176,2025-05-21T08:05:00Z,2025-05-21T11:46:00Z,221.0,173,220.0,completed,28.2,0.0,ADM01
T00515,2025-05-21,S02,EXC003,excavator,OP1003,excavation,m3,200,dry,0.0,2025-05-21T11:59:00Z,206,2025-05-21T11:56:00Z,,,172,153.0,partial,31.9,0.0,ADM01
T00516,2025-05-21,S02,EXC004,electric_excavator,OP1004,trenching,m3,115,dry,0.0,2025-05-21T08:08:00Z,184,2025-05-21T08:07:00Z,2025-05-21T11:46:00Z,219.0,174,115.0,completed,28.2,0.0,ADM01
T00517,2025-05-21,S02,EXC004,electric_excavator,OP1004,trenching,m3,140,dry,0.0,2025-05-21T12:07:00Z,224,2025-05-21T11:56:00Z,,,132,94.8,partial,32.0,0.0,ADM01
T00518,2025-05-21,S01,EXC005,electric_mini_excavator,OP1005,trenching,m3,30,dry,0.0,2025-05-21T08:08:00Z,180,2025-05-21T08:06:00Z,2025-05-21T11:29:00Z,203.0,168,30.0,completed,35.4,0.0,ADM01
T00519,2025-05-21,S01,EXC005,electric_mini_excavator,OP1005,trenching,m3,25,dry,0.0,2025-05-21T12:03:00Z,150,2025-05-21T11:39:00Z,2025-05-21T15:39:00Z,240.0,167,25.0,completed,38.8,0.0,ADM01
T00520,2025-05-21,S01,EXC005,electric_mini_excavator,OP1005,excavation,m3,25,dry,0.0,2025-05-21T14:43:00Z,120,2025-05-21T15:49:00Z,,,30,5.8,partial,39.0,0.0,ADM01
T00521,2025-05-21,S03,EXC006,excavator,OP1015,trenching,m3,140,rocky,15.4,2025-05-21T08:08:00Z,224,2025-05-21T08:08:00Z,2025-05-21T15:09:00Z,421.0,286,140.0,completed,30.8,0.0,ADM01
T00522,2025-05-21,S03,EXC006,excavator,OP1015,truck_loading,m3,180,rocky,15.4,2025-05-21T12:47:00Z,144,2025-05-21T16:08:00Z,,,46,46.6,partial,33.4,0.0,ADM01
T00523,2025-05-21,S01,WL001,wheel_loader,OP1007,truck_loading,m3,175,dry,0.0,2025-05-21T08:08:00Z,105,2025-05-21T08:08:00Z,2025-05-21T10:16:00Z,128.0,107,175.0,completed,34.6,0.0,ADM01
T00524,2025-05-21,S01,WL001,wheel_loader,OP1007,stockpiling,m3,280,dry,0.0,2025-05-21T10:03:00Z,134,2025-05-21T10:25:00Z,2025-05-21T14:59:00Z,274.0,155,280.0,completed,38.1,0.0,ADM01
T00525,2025-05-21,S01,WL001,wheel_loader,OP1007,truck_loading,m3,250,dry,0.0,2025-05-21T13:12:00Z,150,2025-05-21T15:03:00Z,,,108,164.2,partial,39.0,0.0,ADM01
T00526,2025-05-21,S03,WL002,wheel_loader,OP1008,truck_loading,m3,175,rocky,15.4,2025-05-21T08:08:00Z,105,2025-05-21T08:07:00Z,2025-05-21T10:22:00Z,135.0,81,175.0,completed,28.0,0.0,ADM01
T00527,2025-05-21,S03,WL002,wheel_loader,OP1008,stockpiling,m3,480,rocky,15.4,2025-05-21T10:48:00Z,230,2025-05-21T10:32:00Z,2025-05-21T15:54:00Z,322.0,197,480.0,completed,32.7,0.0,ADM01
T00528,2025-05-21,S02,DZ001,dozer,OP1009,grading,m2,1150,dry,0.0,2025-05-21T08:08:00Z,138,2025-05-21T08:08:00Z,2025-05-21T10:26:00Z,138.0,123,1150.0,completed,27.4,0.0,ADM01
T00529,2025-05-21,S02,DZ001,dozer,OP1009,spreading,m3,260,dry,0.0,2025-05-21T11:21:00Z,170,2025-05-21T10:30:00Z,2025-05-21T14:06:00Z,216.0,147,260.0,completed,30.7,0.0,ADM01
T00530,2025-05-21,S02,DZ001,dozer,OP1009,site_clearing,m2,905,dry,0.0,2025-05-21T14:21:00Z,163,2025-05-21T14:10:00Z,,,97,562.9,partial,32.2,0.0,ADM01
T00531,2025-05-21,S01,BH001,backhoe_loader,OP1011,trenching,m3,40,dry,0.0,2025-05-21T08:08:00Z,144,2025-05-21T08:06:00Z,2025-05-21T10:40:00Z,154.0,134,40.0,completed,34.9,0.0,ADM01
T00532,2025-05-21,S01,BH001,backhoe_loader,OP1011,trenching,m3,60,dry,0.0,2025-05-21T11:27:00Z,216,2025-05-21T10:47:00Z,2025-05-21T15:36:00Z,289.0,205,60.0,completed,38.4,0.0,ADM01
T00533,2025-05-21,S02,BH002,backhoe_loader,OP1012,trenching,m3,55,dry,0.0,2025-05-21T08:08:00Z,198,2025-05-21T08:05:00Z,2025-05-21T11:22:00Z,197.0,166,55.0,completed,28.0,0.0,ADM01
T00534,2025-05-21,S02,BH002,backhoe_loader,OP1012,backfilling,m3,65,dry,0.0,2025-05-21T12:21:00Z,134,2025-05-21T11:29:00Z,2025-05-21T14:39:00Z,190.0,116,65.0,completed,31.4,0.0,ADM01
T00535,2025-05-21,S02,BH002,backhoe_loader,OP1012,backfilling,m3,105,dry,0.0,2025-05-21T14:45:00Z,216,2025-05-21T14:45:00Z,,,67,36.2,partial,32.2,0.0,ADM01
T00536,2025-05-22,S01,EXC001,mini_excavator,OP1001,trenching,m3,20,dry,0.0,2025-05-22T08:08:00Z,120,2025-05-22T08:08:00Z,2025-05-22T10:51:00Z,163.0,118,20.0,completed,35.3,0.0,ADM01
T00537,2025-05-22,S01,EXC001,mini_excavator,OP1001,trenching,m3,30,dry,0.0,2025-05-22T11:03:00Z,180,2025-05-22T11:02:00Z,2025-05-22T15:56:00Z,294.0,188,30.0,completed,39.4,0.0,ADM01
T00538,2025-05-22,S01,EXC001,mini_excavator,OP1001,excavation,m3,45,dry,0.0,2025-05-22T14:13:00Z,216,2025-05-22T16:03:00Z,,,52,10.5,partial,39.8,0.0,ADM01
T00539,2025-05-22,S01,EXC002,excavator,OP1002,trenching,m3,100,dry,0.0,2025-05-22T08:08:00Z,160,2025-05-22T08:08:00Z,2025-05-22T11:03:00Z,175.0,140,100.0,completed,35.4,0.0,ADM01
T00540,2025-05-22,S01,EXC002,excavator,OP1002,trenching,m3,130,dry,0.0,2025-05-22T11:43:00Z,208,2025-05-22T11:13:00Z,2025-05-22T16:36:00Z,323.0,197,130.0,completed,39.5,0.0,ADM01
T00541,2025-05-22,S02,EXC004,electric_excavator,OP1004,trenching,m3,110,wet,15.6,2025-05-22T08:08:00Z,176,2025-05-22T08:05:00Z,2025-05-22T14:16:00Z,371.0,211,110.0,completed,29.5,0.0,ADM01
T00542,2025-05-22,S02,EXC004,electric_excavator,OP1004,truck_loading,m3,130,wet,15.6,2025-05-22T11:59:00Z,104,2025-05-22T14:28:00Z,,,58,60.1,partial,32.3,0.0,ADM01
T00543,2025-05-22,S02,EXC004,electric_excavator,OP1004,truck_loading,m3,270,wet,15.6,2025-05-22T13:53:00Z,216,,,,0,0.0,scheduled,,0.0,ADM01
T00544,2025-05-22,S01,EXC005,electric_mini_excavator,OP1005,trenching,m3,35,dry,0.0,2025-05-22T08:08:00Z,210,2025-05-22T08:06:00Z,2025-05-22T11:36:00Z,210.0,189,35.0,completed,35.8,0.0,ADM01
T00545,2025-05-22,S01,EXC005,electric_mini_excavator,OP1005,trenching,m3,25,dry,0.0,2025-05-22T12:33:00Z,150,2025-05-22T11:46:00Z,2025-05-22T15:48:00Z,242.0,144,25.0,completed,39.7,0.0,ADM01
T00546,2025-05-22,S03,EXC006,excavator,OP1006,truck_loading,m3,270,rocky,0.0,2025-05-22T08:08:00Z,216,2025-05-22T08:05:00Z,2025-05-22T12:13:00Z,248.0,163,270.0,completed,26.4,0.0,ADM01
T00547,2025-05-22,S03,EXC006,excavator,OP1006,trenching,m3,60,rocky,0.0,2025-05-22T12:39:00Z,96,2025-05-22T12:24:00Z,2025-05-22T15:27:00Z,183.0,114,60.0,completed,27.7,12.3,ADM01
T00548,2025-05-22,S03,EXC006,excavator,OP1006,truck_loading,m3,180,rocky,0.0,2025-05-22T14:25:00Z,144,2025-05-22T15:31:00Z,,,58,76.4,partial,28.0,3.4,ADM01
T00549,2025-05-22,S01,WL001,wheel_loader,OP1013,truck_loading,m3,360,dry,0.0,2025-05-22T08:08:00Z,216,2025-05-22T08:07:00Z,2025-05-22T11:23:00Z,196.0,156,360.0,completed,35.7,0.0,ADM01
T00550,2025-05-22,S01,WL001,wheel_loader,OP1013,truck_loading,m3,280,dry,0.0,2025-05-22T12:39:00Z,168,2025-05-22T11:32:00Z,2025-05-22T15:38:00Z,246.0,138,280.0,completed,39.6,0.0,ADM01
T00551,2025-05-22,S03,WL002,wheel_loader,OP1008,truck_loading,m3,340,rocky,0.0,2025-05-22T08:08:00Z,204,2025-05-22T08:06:00Z,2025-05-22T11:51:00Z,225.0,180,340.0,completed,26.2,0.0,ADM01
T00552,2025-05-22,S03,WL002,wheel_loader,OP1008,stockpiling,m3,360,rocky,0.0,2025-05-22T12:27:00Z,173,2025-05-22T11:55:00Z,2025-05-22T16:17:00Z,262.0,168,360.0,completed,27.9,14.3,ADM01
T00553,2025-05-22,S02,DZ001,dozer,OP1009,site_clearing,m2,925,wet,15.6,2025-05-22T08:08:00Z,166,2025-05-22T08:05:00Z,2025-05-22T11:32:00Z,207.0,171,925.0,completed,27.7,0.0,ADM01
T00554,2025-05-22,S02,DZ001,dozer,OP1009,grading,m2,935,wet,15.6,2025-05-22T11:49:00Z,112,2025-05-22T11:40:00Z,2025-05-22T14:46:00Z,186.0,117,935.0,completed,31.6,0.0,ADM01
T00555,2025-05-22,S02,DZ001,dozer,OP1009,site_clearing,m2,1030,wet,15.6,2025-05-22T13:51:00Z,185,2025-05-22T14:56:00Z,,,105,540.4,partial,32.1,0.0,ADM01
T00556,2025-05-22,S03,DZ002,dozer,OP1010,grading,m2,1070,rocky,0.0,2025-05-22T08:08:00Z,128,2025-05-22T08:08:00Z,2025-05-22T10:17:00Z,129.0,97,1070.0,completed,25.4,0.0,ADM01
T00557,2025-05-22,S03,DZ002,dozer,OP1010,spreading,m3,170,rocky,0.0,2025-05-22T10:26:00Z,111,2025-05-22T10:25:00Z,2025-05-22T11:57:00Z,92.0,80,170.0,completed,27.5,0.0,ADM01
T00558,2025-05-22,S03,DZ002,dozer,OP1010,spreading,m3,195,rocky,0.0,2025-05-22T13:12:00Z,128,2025-05-22T12:04:00Z,2025-05-22T15:00:00Z,176.0,113,195.0,completed,27.8,11.3,ADM01
T00559,2025-05-22,S01,BH001,backhoe_loader,OP1011,backfilling,m3,75,dry,0.0,2025-05-22T08:08:00Z,154,2025-05-22T08:08:00Z,2025-05-22T10:32:00Z,144.0,131,75.0,completed,35.1,0.0,ADM01
T00560,2025-05-22,S01,BH001,backhoe_loader,OP1011,backfilling,m3,90,dry,0.0,2025-05-22T11:37:00Z,185,2025-05-22T10:41:00Z,2025-05-22T15:32:00Z,291.0,189,90.0,completed,39.1,0.0,ADM01
T00561,2025-05-22,S01,BH001,backhoe_loader,OP1011,trenching,m3,45,dry,0.0,2025-05-22T14:52:00Z,162,2025-05-22T15:42:00Z,,,78,21.8,partial,39.9,0.0,ADM01
T00562,2025-05-22,S02,BH002,backhoe_loader,OP1012,backfilling,m3,75,wet,15.6,2025-05-22T08:08:00Z,154,2025-05-22T08:07:00Z,2025-05-22T11:40:00Z,213.0,170,75.0,completed,27.9,0.0,ADM01
T00563,2025-05-22,S02,BH002,backhoe_loader,OP1012,backfilling,m3,70,wet,15.6,2025-05-22T11:37:00Z,144,2025-05-22T11:51:00Z,2025-05-22T15:14:00Z,203.0,146,70.0,completed,31.9,0.0,ADM01
T00564,2025-05-22,S02,BH002,backhoe_loader,OP1012,backfilling,m3,65,wet,15.6,2025-05-22T14:11:00Z,134,2025-05-22T15:24:00Z,,,79,34.4,partial,32.0,0.0,ADM01
T00565,2025-05-23,S01,EXC001,mini_excavator,OP1001,excavation,m3,45,dry,0.0,2025-05-23T08:08:00Z,216,2025-05-23T08:06:00Z,2025-05-23T11:35:00Z,209.0,200,45.0,completed,34.4,0.0,ADM01
T00566,2025-05-23,S01,EXC001,mini_excavator,OP1001,excavation,m3,45,dry,0.0,2025-05-23T12:39:00Z,216,2025-05-23T11:42:00Z,2025-05-23T16:09:00Z,267.0,208,45.0,completed,38.8,0.0,ADM01
T00567,2025-05-23,S01,EXC002,excavator,OP1002,excavation,m3,105,dry,0.0,2025-05-23T08:08:00Z,108,2025-05-23T08:08:00Z,2025-05-23T09:50:00Z,102.0,73,105.0,completed,33.0,0.0,ADM01
T00568,2025-05-23,S01,EXC002,excavator,OP1002,truck_loading,m3,120,dry,0.0,2025-05-23T10:06:00Z,96,2025-05-23T09:54:00Z,2025-05-23T11:38:00Z,104.0,79,120.0,completed,35.9,0.0,ADM01
T00569,2025-05-23,S01,EXC002,excavator,OP1002,excavation,m3,150,dry,0.0,2025-05-23T12:37:00Z,154,2025-05-23T11:42:00Z,2025-05-23T14:58:00Z,196.0,124,150.0,completed,38.6,0.0,ADM01
T00570,2025-05-23,S02,EXC003,excavator,OP1003,trenching,m3,85,dry,0.0,2025-05-23T08:08:00Z,136,2025-05-23T08:08:00Z,2025-05-23T10:28:00Z,140.0,115,85.0,completed,27.7,0.0,ADM01
T00571,2025-05-23,S02,EXC003,excavator,OP1003,excavation,m3,105,dry,0.0,2025-05-23T10:34:00Z,108,2025-05-23T10:33:00Z,2025-05-23T13:23:00Z,170.0,111,105.0,completed,31.3,0.0,ADM01
T00572,2025-05-23,S02,EXC003,excavator,OP1003,truck_loading,m3,150,dry,0.0,2025-05-23T12:32:00Z,120,2025-05-23T13:34:00Z,2025-05-23T16:16:00Z,162.0,113,150.0,completed,33.5,0.0,ADM01
T00573,2025-05-23,S02,EXC004,electric_excavator,OP1004,truck_loading,m3,185,dry,0.0,2025-05-23T08:08:00Z,148,2025-05-23T08:07:00Z,2025-05-23T10:58:00Z,171.0,142,185.0,completed,28.0,0.0,ADM01
T00574,2025-05-23,S02,EXC004,electric_excavator,OP1004,truck_loading,m3,270,dry,0.0,2025-05-23T11:31:00Z,216,2025-05-23T11:10:00Z,,,192,247.7,partial,33.0,0.0,ADM01
T00575,2025-05-23,S01,EXC005,electric_mini_excavator,OP1005,trenching,m3,20,dry,0.0,2025-05-23T08:08:00Z,120,2025-05-23T08:06:00Z,2025-05-23T10:03:00Z,117.0,111,20.0,completed,33.2,0.0,ADM01
T00576,2025-05-23,S01,EXC005,electric_mini_excavator,OP1005,excavation,m3,25,dry,0.0,2025-05-23T10:18:00Z,120,2025-05-23T10:10:00Z,2025-05-23T12:21:00Z,131.0,107,25.0,completed,36.5,0.0,ADM01
T00577,2025-05-23,S01,EXC005,electric_mini_excavator,OP1005,trenching,m3,20,dry,0.0,2025-05-23T13:13:00Z,120,2025-05-23T13:17:00Z,2025-05-23T15:43:00Z,146.0,135,20.0,completed,39.1,0.0,ADM01
T00578,2025-05-23,S03,EXC006,excavator,OP1006,truck_loading,m3,260,rocky,15.9,2025-05-23T08:08:00Z,208,2025-05-23T08:08:00Z,2025-05-23T12:05:00Z,237.0,184,260.0,completed,26.7,0.0,ADM01
T00579,2025-05-23,S03,EXC006,excavator,OP1006,truck_loading,m3,235,rocky,15.9,2025-05-23T12:31:00Z,188,2025-05-23T12:09:00Z,,,190,234.1,partial,29.6,0.0,ADM01
T00580,2025-05-23,S01,WL001,wheel_loader,OP1007,stockpiling,m3,325,dry,0.0,2025-05-23T08:08:00Z,156,2025-05-23T08:05:00Z,2025-05-23T11:43:00Z,218.0,153,325.0,completed,34.5,0.0,ADM01
T00581,2025-05-23,S01,WL001,wheel_loader,OP1007,stockpiling,m3,300,dry,0.0,2025-05-23T11:39:00Z,144,2025-05-23T11:48:00Z,,,155,295.1,partial,38.8,0.0,ADM01
T00582,2025-05-23,S01,WL001,wheel_loader,OP1007,truck_loading,m3,220,dry,0.0,2025-05-23T14:13:00Z,132,,,,0,0.0,scheduled,,0.0,ADM01
T00583,2025-05-23,S03,WL002,wheel_loader,OP1008,stockpiling,m3,270,rocky,15.9,2025-05-23T08:08:00Z,130,2025-05-23T08:06:00Z,2025-05-23T10:53:00Z,167.0,111,270.0,completed,26.1,0.0,ADM01
T00584,2025-05-23,S03,WL002,wheel_loader,OP1008,truck_loading,m3,335,rocky,15.9,2025-05-23T11:13:00Z,201,2025-05-23T10:59:00Z,2025-05-23T15:40:00Z,281.0,183,335.0,completed,29.2,0.0,ADM01
T00585,2025-05-23,S03,WL002,wheel_loader,OP1008,truck_loading,m3,160,rocky,15.9,2025-05-23T14:44:00Z,96,2025-05-23T15:45:00Z,,,73,133.7,partial,29.6,0.0,ADM01
T00586,2025-05-23,S02,DZ001,dozer,OP1009,grading,m2,1310,dry,0.0,2025-05-23T08:08:00Z,157,2025-05-23T08:07:00Z,2025-05-23T10:47:00Z,160.0,127,1310.0,completed,27.9,0.0,ADM01
T00587,2025-05-23,S02,DZ001,dozer,OP1009,grading,m2,1465,dry,0.0,2025-05-23T11:40:00Z,176,2025-05-23T10:52:00Z,2025-05-23T14:44:00Z,232.0,156,1465.0,completed,32.4,0.0,ADM01
T00588,2025-05-23,S02,DZ001,dozer,OP1009,grading,m2,1855,dry,0.0,2025-05-23T14:46:00Z,223,2025-05-23T14:52:00Z,,,114,1038.4,partial,33.4,0.0,ADM01
T00589,2025-05-23,S03,DZ002,dozer,OP1010,grading,m2,1820,rocky,15.9,2025-05-23T08:08:00Z,218,2025-05-23T08:07:00Z,2025-05-23T10:54:00Z,167.0,152,1820.0,completed,26.1,0.0,ADM01
T00590,2025-05-23,S03,DZ002,dozer,OP1010,spreading,m3,265,rocky,15.9,2025-05-23T12:41:00Z,173,2025-05-23T11:02:00Z,2025-05-23T14:54:00Z,232.0,159,265.0,completed,29.1,0.0,ADM01
T00591,2025-05-23,S01,BH001,backhoe_loader,OP1011,backfilling,m3,110,dry,0.0,2025-05-23T08:08:00Z,226,2025-05-23T08:07:00Z,2025-05-23T12:13:00Z,246.0,221,110.0,completed,34.9,0.0,ADM01
T00592,2025-05-23,S01,BH001,backhoe_loader,OP1011,backfilling,m3,90,dry,0.0,2025-05-23T12:49:00Z,185,2025-05-23T12:23:00Z,,,177,89.7,partial,38.9,0.0,ADM01
T00593,2025-05-24,S01,EXC001,mini_excavator,OP1001,excavation,m3,30,dry,0.0,2025-05-24T08:08:00Z,144,2025-05-24T08:08:00Z,2025-05-24T10:31:00Z,143.0,129,30.0,completed,34.1,0.0,ADM01
T00594,2025-05-24,S01,EXC001,mini_excavator,OP1001,excavation,m3,20,dry,0.0,2025-05-24T10:42:00Z,96,2025-05-24T10:35:00Z,2025-05-24T12:18:00Z,103.0,86,20.0,completed,37.2,0.0,ADM01
T00595,2025-05-24,S01,EXC001,mini_excavator,OP1001,trenching,m3,40,dry,0.0,2025-05-24T13:13:00Z,240,2025-05-24T12:29:00Z,,,186,31.4,partial,39.4,0.0,ADM01
T00596,2025-05-24,S01,EXC002,excavator,OP1002,excavation,m3,125,dry,0.0,2025-05-24T08:08:00Z,129,2025-05-24T08:05:00Z,2025-05-24T10:59:00Z,174.0,111,125.0,completed,34.3,0.0,ADM01
T00597,2025-05-24,S01,EXC002,excavator,OP1002,trenching,m3,135,dry,0.0,2025-05-24T11:12:00Z,216,2025-05-24T11:05:00Z,2025-05-24T16:51:00Z,346.0,203,135.0,completed,38.8,0.0,ADM01
T00598,2025-05-24,S02,EXC003,excavator,OP1003,truck_loading,m3,185,dry,0.0,2025-05-24T08:08:00Z,148,2025-05-24T08:05:00Z,2025-05-24T11:42:00Z,217.0,136,185.0,completed,28.0,0.0,ADM01
T00599,2025-05-24,S02,EXC003,excavator,OP1003,truck_loading,m3,275,dry,0.0,2025-05-24T11:31:00Z,220,2025-05-24T11:54:00Z,,,106,132.3,partial,29.8,8.3,ADM01
T00600,2025-05-24,S02,EXC004,electric_excavator,OP1004,truck_loading,m3,275,dry,0.0,2025-05-24T08:08:00Z,220,2025-05-24T08:05:00Z,2025-05-24T14:40:00Z,395.0,221,275.0,completed,29.0,0.0,ADM01
T00601,2025-05-24,S02,EXC004,electric_excavator,OP1004,trenching,m3,60,dry,0.0,2025-05-24T12:43:00Z,96,2025-05-24T16:08:00Z,,,42,24.6,partial,28.1,7.2,ADM01
T00602,2025-05-24,S02,EXC004,electric_excavator,OP1004,truck_loading,m3,245,dry,0.0,2025-05-24T14:29:00Z,196,,,,0,0.0,scheduled,,0.0,ADM01
T00603,2025-05-24,S01,EXC005,electric_mini_excavator,OP1005,excavation,m3,45,dry,0.0,2025-05-24T08:08:00Z,216,2025-05-24T08:05:00Z,2025-05-24T11:09:00Z,184.0,170,45.0,completed,34.5,0.0,ADM01
T00604,2025-05-24,S01,EXC005,electric_mini_excavator,OP1005,excavation,m3,25,dry,0.0,2025-05-24T12:39:00Z,120,2025-05-24T11:19:00Z,2025-05-24T15:04:00Z,225.0,114,25.0,completed,38.7,0.0,ADM01
T00605,2025-05-24,S03,EXC006,excavator,OP1006,truck_loading,m3,120,rocky,0.0,2025-05-24T08:08:00Z,96,2025-05-24T08:06:00Z,2025-05-24T09:47:00Z,101.0,74,120.0,completed,27.0,0.0,ADM01
T00606,2025-05-24,S03,EXC006,excavator,OP1006,excavation,m3,165,rocky,0.0,2025-05-24T10:39:00Z,170,2025-05-24T09:53:00Z,2025-05-24T13:56:00Z,243.0,150,165.0,completed,31.4,0.0,ADM01
T00607,2025-05-24,S03,EXC006,excavator,OP1006,truck_loading,m3,265,rocky,0.0,2025-05-24T13:39:00Z,212,2025-05-24T14:04:00Z,,,128,178.7,partial,33.8,0.0,ADM01
T00608,2025-05-24,S01,WL001,wheel_loader,OP1007,truck_loading,m3,215,dry,0.0,2025-05-24T08:08:00Z,129,2025-05-24T08:06:00Z,2025-05-24T11:05:00Z,179.0,132,215.0,completed,34.4,0.0,ADM01
T00609,2025-05-24,S01,WL001,wheel_loader,OP1007,stockpiling,m3,240,dry,0.0,2025-05-24T10:27:00Z,115,2025-05-24T11:17:00Z,2025-05-24T14:31:00Z,194.0,121,240.0,completed,38.6,0.0,ADM01
T00610,2025-05-24,S01,WL001,wheel_loader,OP1007,stockpiling,m3,295,dry,0.0,2025-05-24T12:32:00Z,142,2025-05-24T14:37:00Z,,,112,211.5,partial,39.4,0.0,ADM01
T00611,2025-05-24,S03,WL002,wheel_loader,OP1008,truck_loading,m3,215,rocky,0.0,2025-05-24T08:08:00Z,129,2025-05-24T08:05:00Z,2025-05-24T10:44:00Z,159.0,110,215.0,completed,27.8,0.0,ADM01
T00612,2025-05-24,S03,WL002,wheel_loader,OP1008,stockpiling,m3,430,rocky,0.0,2025-05-24T11:12:00Z,206,2025-05-24T10:51:00Z,2025-05-24T15:29:00Z,278.0,191,430.0,completed,32.9,0.0,ADM01
T00613,2025-05-24,S02,DZ001,dozer,OP1009,spreading,m3,205,dry,0.0,2025-05-24T08:08:00Z,134,2025-05-24T08:05:00Z,2025-05-24T10:02:00Z,117.0,112,205.0,completed,27.2,0.0,ADM01
T00614,2025-05-24,S02,DZ001,dozer,OP1009,spreading,m3,240,dry,0.0,2025-05-24T11:17:00Z,157,2025-05-24T10:14:00Z,2025-05-24T13:58:00Z,224.0,142,240.0,completed,29.7,0.0,ADM01
T00615,2025-05-24,S02,DZ001,dozer,OP1009,site_clearing,m2,1015,dry,0.0,2025-05-24T14:04:00Z,183,2025-05-24T14:08:00Z,,,87,474.6,partial,29.1,8.3,ADM01
T00616,2025-05-24,S03,DZ002,dozer,OP1010,site_clearing,m2,680,rocky,0.0,2025-05-24T08:08:00Z,122,2025-05-24T08:08:00Z,2025-05-24T10:20:00Z,132.0,118,680.0,completed,27.5,0.0,ADM01
T00617,2025-05-24,S03,DZ002,dozer,OP1010,grading,m2,1250,rocky,0.0,2025-05-24T11:05:00Z,150,2025-05-24T10:27:00Z,2025-05-24T14:13:00Z,226.0,125,1250.0,completed,32.1,0.0,ADM01
T00618,2025-05-24,S03,DZ002,dozer,OP1010,grading,m2,1045,rocky,0.0,2025-05-24T13:45:00Z,125,2025-05-24T14:20:00Z,2025-05-24T16:43:00Z,143.0,104,1045.0,completed,33.8,0.0,ADM01
T00619,2025-05-24,S01,BH001,backhoe_loader,OP1011,trenching,m3,45,dry,0.0,2025-05-24T08:08:00Z,162,2025-05-24T08:07:00Z,2025-05-24T10:46:00Z,159.0,142,45.0,completed,34.2,0.0,ADM01
T00620,2025-05-24,S01,BH001,backhoe_loader,OP1011,trenching,m3,45,dry,0.0,2025-05-24T11:45:00Z,162,2025-05-24T10:55:00Z,2025-05-24T14:21:00Z,206.0,144,45.0,completed,38.3,0.0,ADM01
T00621,2025-05-24,S01,BH001,backhoe_loader,OP1011,backfilling,m3,90,dry,0.0,2025-05-24T14:37:00Z,185,2025-05-24T14:27:00Z,,,137,67.6,partial,39.4,0.0,ADM01
T00622,2025-05-24,S02,BH002,backhoe_loader,OP1012,trenching,m3,60,dry,0.0,2025-05-24T08:08:00Z,216,2025-05-24T08:08:00Z,2025-05-24T11:43:00Z,215.0,187,60.0,completed,28.1,0.0,ADM01
T00623,2025-05-24,S02,BH002,backhoe_loader,OP1012,backfilling,m3,100,dry,0.0,2025-05-24T12:39:00Z,206,2025-05-24T11:49:00Z,,,156,80.7,partial,29.8,8.3,ADM01
T00624,2025-05-26,S01,EXC001,mini_excavator,OP1001,excavation,m3,50,dry,0.0,2025-05-26T08:08:00Z,240,2025-05-26T08:08:00Z,2025-05-26T12:28:00Z,260.0,199,50.0,completed,34.7,0.0,ADM01
T00625,2025-05-26,S01,EXC001,mini_excavator,OP1001,trenching,m3,25,dry,0.0,2025-05-26T13:03:00Z,150,2025-05-26T13:19:00Z,2025-05-26T16:10:00Z,171.0,148,25.0,completed,38.0,0.0,ADM01
T00626,2025-05-26,S01,EXC002,excavator,OP1005,truck_loading,m3,280,dry,0.0,2025-05-26T08:08:00Z,224,2025-05-26T08:07:00Z,2025-05-26T14:01:00Z,354.0,222,280.0,completed,35.1,0.0,ADM01
T00627,2025-05-26,S01,EXC002,excavator,OP1005,trenching,m3,115,dry,0.0,2025-05-26T12:47:00Z,184,2025-05-26T14:10:00Z,,,136,93.8,partial,38.0,0.0,ADM01
T00628,2025-05-26,S02,EXC003,excavator,OP1014,excavation,m3,190,wet,9.8,2025-05-26T08:08:00Z,195,2025-05-26T08:08:00Z,2025-05-26T13:29:00Z,321.0,191,190.0,completed,30.1,0.0,ADM01
T00629,2025-05-26,S02,EXC003,excavator,OP1014,trenching,m3,70,wet,9.8,2025-05-26T12:18:00Z,112,2025-05-26T13:37:00Z,2025-05-26T15:46:00Z,129.0,111,70.0,completed,34.5,0.0,ADM01
T00630,2025-05-26,S02,EXC003,excavator,OP1014,trenching,m3,110,wet,9.8,2025-05-26T14:20:00Z,176,2025-05-26T15:51:00Z,,,47,25.9,partial,34.3,0.0,ADM01
T00631,2025-05-26,S02,EXC004,electric_excavator,OP1004,excavation,m3,205,wet,9.8,2025-05-26T08:08:00Z,211,2025-05-26T08:07:00Z,2025-05-26T14:28:00Z,381.0,238,205.0,completed,30.5,0.0,ADM01
T00632,2025-05-26,S02,EXC004,electric_excavator,OP1004,truck_loading,m3,265,wet,9.8,2025-05-26T12:34:00Z,212,2025-05-26T14:38:00Z,,,101,115.9,partial,34.4,0.0,ADM01
T00633,2025-05-26,S01,EXC005,electric_mini_excavator,OP1005,trenching,m3,25,dry,0.0,2025-05-26T08:08:00Z,150,2025-05-26T08:05:00Z,2025-05-26T11:16:00Z,191.0,154,25.0,completed,33.9,0.0,ADM01
T00634,2025-05-26,S01,EXC005,electric_mini_excavator,OP1005,excavation,m3,30,dry,0.0,2025-05-26T11:33:00Z,144,2025-05-26T11:22:00Z,2025-05-26T14:50:00Z,208.0,131,30.0,completed,37.4,0.0,ADM01
T00635,2025-05-26,S01,EXC005,electric_mini_excavator,OP1005,trenching,m3,25,dry,0.0,2025-05-26T14:07:00Z,150,2025-05-26T15:01:00Z,,,84,15.3,partial,38.0,0.0,ADM01
T00636,2025-05-26,S03,EXC006,excavator,OP1006,excavation,m3,110,rocky,26.3,2025-05-26T08:08:00Z,113,2025-05-26T08:05:00Z,2025-05-26T10:22:00Z,137.0,109,110.0,completed,26.6,0.0,ADM01
T00637,2025-05-26,S03,EXC006,excavator,OP1006,trenching,m3,115,rocky,26.3,2025-05-26T10:56:00Z,184,2025-05-26T10:28:00Z,2025-05-26T15:27:00Z,299.0,190,115.0,completed,31.1,0.0,ADM01
T00638,2025-05-26,S03,EXC006,excavator,OP1006,excavation,m3,110,rocky,26.3,2025-05-26T14:10:00Z,113,2025-05-26T15:35:00Z,,,60,57.7,partial,32.0,0.0,ADM01
T00639,2025-05-26,S01,WL001,wheel_loader,OP1007,truck_loading,m3,360,dry,0.0,2025-05-26T08:08:00Z,216,2025-05-26T08:07:00Z,2025-05-26T15:17:00Z,430.0,221,360.0,completed,35.7,0.0,ADM01
T00640,2025-05-26,S01,WL001,wheel_loader,OP1007,stockpiling,m3,250,dry,0.0,2025-05-26T12:39:00Z,120,2025-05-26T15:22:00Z,,,65,121.5,partial,37.9,0.0,ADM01
T00641,2025-05-26,S01,WL001,wheel_loader,OP1007,truck_loading,m3,365,dry,0.0,2025-05-26T14:49:00Z,219,,,,0,0.0,scheduled,,0.0,ADM01
T00642,2025-05-26,S03,WL002,wheel_loader,OP1015,stockpiling,m3,265,rocky,26.3,2025-05-26T08:08:00Z,127,2025-05-26T08:07:00Z,2025-05-26T11:08:00Z,181.0,124,265.0,completed,27.2,0.0,ADM01
T00643,2025-05-26,S03,WL002,wheel_loader,OP1015,truck_loading,m3,340,rocky,26.3,2025-05-26T11:10:00Z,204,2025-05-26T11:17:00Z,,,204,309.6,partial,31.7,0.0,ADM01
T00644,2025-05-26,S03,WL002,wheel_loader,OP1015,truck_loading,m3,370,rocky,26.3,2025-05-26T14:44:00Z,222,,,,0,0.0,scheduled,,0.0,ADM01
T00645,2025-05-26,S02,DZ001,dozer,OP1009,grading,m2,805,wet,9.8,2025-05-26T08:08:00Z,97,2025-05-26T08:07:00Z,2025-05-26T10:15:00Z,128.0,96,805.0,completed,28.0,0.0,ADM01
T00646,2025-05-26,S02,DZ001,dozer,OP1009,spreading,m3,145,wet,9.8,2025-05-26T09:55:00Z,95,2025-05-26T10:19:00Z,2025-05-26T12:14:00Z,115.0,93,145.0,completed,31.6,0.0,ADM01
T00647,2025-05-26,S02,DZ001,dozer,OP1009,spreading,m3,165,wet,9.8,2025-05-26T12:25:00Z,108,2025-05-26T12:26:00Z,2025-05-26T15:24:00Z,178.0,113,165.0,completed,34.4,0.0,ADM01
T00648,2025-05-26,S02,DZ001,dozer,OP1009,spreading,m3,275,wet,9.8,2025-05-26T14:23:00Z,180,2025-05-26T15:36:00Z,,,71,96.2,partial,34.3,0.0,ADM01
T00649,2025-05-26,S03,DZ002,dozer,OP1010,spreading,m3,160,rocky,26.3,2025-05-26T08:08:00Z,105,2025-05-26T08:06:00Z,2025-05-26T09:35:00Z,89.0,80,160.0,completed,26.0,0.0,ADM01
T00650,2025-05-26,S03,DZ002,dozer,OP1010,grading,m2,1770,rocky,26.3,2025-05-26T10:48:00Z,212,2025-05-26T09:44:00Z,2025-05-26T13:24:00Z,220.0,160,1770.0,completed,29.5,0.0,ADM01
T00651,2025-05-26,S01,BH001,backhoe_loader,OP1011,trenching,m3,60,dry,0.0,2025-05-26T08:08:00Z,216,2025-05-26T08:05:00Z,2025-05-26T11:32:00Z,207.0,180,60.0,completed,34.1,0.0,ADM01
T00652,2025-05-26,S01,BH001,backhoe_loader,OP1011,trenching,m3,65,dry,0.0,2025-05-26T12:39:00Z,234,2025-05-26T11:43:00Z,,,187,61.9,partial,37.7,0.0,ADM01
T00653,2025-05-26,S02,BH002,backhoe_loader,OP1012,trenching,m3,40,wet,9.8,2025-05-26T08:08:00Z,144,2025-05-26T08:06:00Z,2025-05-26T11:35:00Z,209.0,176,40.0,completed,29.2,0.0,ADM01
T00654,2025-05-26,S02,BH002,backhoe_loader,OP1012,backfilling,m3,85,wet,9.8,2025-05-26T11:27:00Z,175,2025-05-26T11:40:00Z,2025-05-26T16:34:00Z,294.0,207,85.0,completed,34.1,0.0,ADM01
T00655,2025-05-26,S02,BH002,backhoe_loader,OP1012,backfilling,m3,90,wet,9.8,2025-05-26T14:32:00Z,185,2025-05-26T16:46:00Z,,,12,5.4,partial,34.2,0.0,ADM01
T00656,2025-05-27,S01,EXC001,mini_excavator,OP1001,trenching,m3,30,dry,0.0,2025-05-27T08:08:00Z,180,2025-05-27T08:08:00Z,2025-05-27T11:18:00Z,190.0,156,30.0,completed,34.3,0.0,ADM01
T00657,2025-05-27,S01,EXC001,mini_excavator,OP1001,excavation,m3,20,dry,0.0,2025-05-27T12:03:00Z,96,2025-05-27T11:24:00Z,2025-05-27T14:06:00Z,162.0,95,20.0,completed,37.4,0.0,ADM01
T00658,2025-05-27,S01,EXC001,mini_excavator,OP1001,excavation,m3,25,dry,0.0,2025-05-27T13:49:00Z,120,2025-05-27T14:10:00Z,2025-05-27T16:21:00Z,131.0,115,25.0,completed,38.3,0.0,ADM01
T00659,2025-05-27,S01,EXC002,excavator,OP1002,excavation,m3,185,dry,0.0,2025-05-27T08:08:00Z,190,2025-05-27T08:06:00Z,2025-05-27T10:59:00Z,173.0,143,185.0,completed,34.0,0.0,ADM01
T00660,2025-05-27,S01,EXC002,excavator,OP1002,truck_loading,m3,215,dry,0.0,2025-05-27T12:13:00Z,172,2025-05-27T11:03:00Z,2025-05-27T15:53:00Z,290.0,169,215.0,completed,37.8,0.0,ADM01
T00661,2025-05-27,S02,EXC003,excavator,OP1003,truck_loading,m3,245,dry,0.0,2025-05-27T08:08:00Z,196,2025-05-27T08:07:00Z,2025-05-27T11:56:00Z,229.0,197,245.0,completed,29.8,0.0,ADM01
T00662,2025-05-27,S02,EXC003,excavator,OP1003,trenching,m3,80,dry,0.0,2025-05-27T12:19:00Z,128,2025-05-27T12:02:00Z,2025-05-27T15:04:00Z,182.0,112,80.0,completed,34.2,0.0,ADM01
T00663,2025-05-27,S02,EXC003,excavator,OP1003,truck_loading,m3,190,dry,0.0,2025-05-27T14:37:00Z,152,2025-05-27T15:08:00Z,,,63,80.4,partial,34.4,0.0,ADM01
T00664,2025-05-27,S02,EXC004,electric_excavator,OP1004,excavation,m3,220,dry,0.0,2025-05-27T08:08:00Z,226,2025-05-27T08:06:00Z,2025-05-27T13:48:00Z,342.0,199,220.0,completed,30.0,0.0,ADM01
T00665,2025-05-27,S02,EXC004,electric_excavator,OP1004,excavation,m3,190,dry,0.0,2025-05-27T12:49:00Z,195,2025-05-27T14:00:00Z,,,130,134.6,partial,34.5,0.0,ADM01
T00666,2025-05-27,S01,EXC005,electric_mini_excavator,OP1005,excavation,m3,30,dry,0.0,2025-05-27T08:08:00Z,144,2025-05-27T08:06:00Z,2025-05-27T10:34:00Z,148.0,119,30.0,completed,33.8,0.0,ADM01
T00667,2025-05-27,S01,EXC005,electric_mini_excavator,OP1005,trenching,m3,35,dry,0.0,2025-05-27T11:27:00Z,210,2025-05-27T10:43:00Z,2025-05-27T16:11:00Z,328.0,225,35.0,completed,37.6,0.0,ADM01
T00668,2025-05-27,S03,EXC006,excavator,OP1015,trenching,m3,70,rocky,0.0,2025-05-27T08:08:00Z,112,2025-05-27T08:05:00Z,2025-05-27T10:49:00Z,164.0,144,70.0,completed,27.8,0.0,ADM01
T00669,2025-05-27,S03,EXC006,excavator,OP1015,excavation,m3,165,rocky,0.0,2025-05-27T10:55:00Z,170,2025-05-27T10:59:00Z,2025-05-27T15:48:00Z,289.0,193,165.0,completed,32.8,0.0,ADM01
T00670,2025-05-27,S03,EXC006,excavator,OP1015,trenching,m3,65,rocky,0.0,2025-05-27T13:55:00Z,104,2025-05-27T15:58:00Z,,,36,16.0,partial,33.3,0.0,ADM01
T00671,2025-05-27,S01,WL001,wheel_loader,OP1007,truck_loading,m3,325,dry,0.0,2025-05-27T08:08:00Z,195,2025-05-27T08:06:00Z,2025-05-27T13:32:00Z,326.0,178,325.0,completed,35.1,0.0,ADM01
T00672,2025-05-27,S01,WL001,wheel_loader,OP1007,truck_loading,m3,315,dry,0.0,2025-05-27T12:18:00Z,189,2025-05-27T13:41:00Z,,,137,214.4,partial,38.2,0.0,ADM01
T00673,2025-05-27,S03,WL002,wheel_loader,OP1008,stockpiling,m3,275,rocky,0.0,2025-05-27T08:08:00Z,132,2025-05-27T08:08:00Z,2025-05-27T10:35:00Z,147.0,108,275.0,completed,27.7,0.0,ADM01
T00674,2025-05-27,S03,WL002,wheel_loader,OP1008,truck_loading,m3,255,rocky,0.0,2025-05-27T11:15:00Z,153,2025-05-27T10:41:00Z,2025-05-27T15:01:00Z,260.0,144,255.0,completed,32.4,0.0,ADM01
T00675,2025-05-27,S03,WL002,wheel_loader,OP1008,truck_loading,m3,370,rocky,0.0,2025-05-27T13:58:00Z,222,2025-05-27T15:05:00Z,,,79,141.6,partial,33.5,0.0,ADM01
T00676,2025-05-27,S02,DZ001,dozer,OP1009,grading,m2,1340,dry,0.0,2025-05-27T08:08:00Z,161,2025-05-27T08:05:00Z,2025-05-27T11:15:00Z,190.0,154,1340.0,completed,29.2,0.0,ADM01
T00677,2025-05-27,S02,DZ001,dozer,OP1009,grading,m2,1000,dry,0.0,2025-05-27T11:44:00Z,120,2025-05-27T11:27:00Z,2025-05-27T14:17:00Z,170.0,111,1000.0,completed,33.5,0.0,ADM01
T00678,2025-05-27,S02,DZ001,dozer,OP1009,spreading,m3,295,dry,0.0,2025-05-27T13:54:00Z,193,2025-05-27T14:22:00Z,,,105,176.3,partial,34.5,0.0,ADM01
T00679,2025-05-27,S03,DZ002,dozer,OP1010,grading,m2,1790,rocky,0.0,2025-05-27T08:08:00Z,215,2025-05-27T08:06:00Z,2025-05-27T11:09:00Z,183.0,158,1790.0,completed,28.1,0.0,ADM01
T00680,2025-05-27,S03,DZ002,dozer,OP1010,spreading,m3,295,rocky,0.0,2025-05-27T12:38:00Z,193,2025-05-27T11:21:00Z,2025-05-27T15:02:00Z,221.0,151,295.0,completed,32.8,0.0,ADM01
T00681,2025-05-27,S01,BH001,backhoe_loader,OP1011,trenching,m3,60,dry,0.0,2025-05-27T08:08:00Z,216,2025-05-27T08:08:00Z,2025-05-27T11:46:00Z,218.0,178,60.0,completed,34.6,0.0,ADM01
T00682,2025-05-27,S01,BH001,backhoe_loader,OP1011,backfilling,m3,110,dry,0.0,2025-05-27T12:39:00Z,226,2025-05-27T11:58:00Z,,,226,103.8,partial,38.1,0.0,ADM01
T00683,2025-05-27,S02,BH002,backhoe_loader,OP1012,trenching,m3,30,dry,0.0,2025-05-27T08:08:00Z,108,2025-05-27T08:06:00Z,2025-05-27T10:00:00Z,114.0,103,30.0,completed,28.1,0.0,ADM01
T00684,2025-05-27,S02,BH002,backhoe_loader,OP1012,trenching,m3,55,dry,0.0,2025-05-27T10:51:00Z,198,2025-05-27T10:11:00Z,2025-05-27T14:33:00Z,262.0,177,55.0,completed,32.8,0.0,ADM01
T00685,2025-05-27,S02,BH002,backhoe_loader,OP1012,backfilling,m3,90,dry,0.0,2025-05-27T14:19:00Z,185,2025-05-27T14:43:00Z,,,92,44.5,partial,34.5,0.0,ADM01
T00686,2025-05-28,S01,EXC001,mini_excavator,OP1001,excavation,m3,30,dry,0.0,2025-05-28T08:08:00Z,144,2025-05-28T08:05:00Z,2025-05-28T10:56:00Z,171.0,140,30.0,completed,34.1,0.0,ADM01
T00687,2025-05-28,S01,EXC001,mini_excavator,OP1001,trenching,m3,35,dry,0.0,2025-05-28T11:27:00Z,210,2025-05-28T11:06:00Z,2025-05-28T15:29:00Z,263.0,188,35.0,completed,37.4,0.0,ADM01
T00688,2025-05-28,S01,EXC002,excavator,OP1002,truck_loading,m3,190,dry,0.0,2025-05-28T08:08:00Z,152,2025-05-28T08:08:00Z,2025-05-28T11:03:00Z,175.0,113,190.0,completed,34.2,0.0,ADM01
T00689,2025-05-28,S01,EXC002,excavator,OP1002,truck_loading,m3,150,dry,0.0,2025-05-28T11:35:00Z,120,2025-05-28T11:11:00Z,2025-05-28T13:57:00Z,166.0,102,150.0,completed,37.0,0.0,ADM01
T00690,2025-05-28,S01,EXC002,excavator,OP1002,excavation,m3,145,dry,0.0,2025-05-28T13:45:00Z,149,2025-05-28T14:01:00Z,2025-05-28T16:23:00Z,142.0,121,145.0,completed,38.0,0.0,ADM01
T00691,2025-05-28,S02,EXC003,excavator,OP1003,excavation,m3,105,wet,37.9,2025-05-28T08:08:00Z,108,2025-05-28T08:07:00Z,2025-05-28T10:20:00Z,133.0,126,105.0,completed,27.2,0.0,ADM01
T00692,2025-05-28,S02,EXC003,excavator,OP1003,truck_loading,m3,195,wet,37.9,2025-05-28T10:51:00Z,156,2025-05-28T10:30:00Z,2025-05-28T15:26:00Z,296.0,194,195.0,completed,31.3,0.0,ADM01
T00693,2025-05-28,S02,EXC003,excavator,OP1003,excavation,m3,205,wet,37.9,2025-05-28T13:37:00Z,211,2025-05-28T15:33:00Z,,,62,45.4,partial,32.1,0.0,ADM01
T00694,2025-05-28,S02,EXC004,electric_excavator,OP1004,truck_loading,m3,230,wet,37.9,2025-05-28T08:08:00Z,184,2025-05-28T08:07:00Z,2025-05-28T16:11:00Z,484.0,254,230.0,completed,29.5,0.0,ADM01
T00695,2025-05-28,S02,EXC004,electric_excavator,OP1004,excavation,m3,180,wet,37.9,2025-05-28T12:07:00Z,185,2025-05-28T16:16:00Z,,,40,37.5,partial,32.0,0.0,ADM01
T00696,2025-05-28,S03,EXC006,excavator,OP1006,truck_loading,m3,175,rocky,0.0,2025-05-28T08:08:00Z,140,2025-05-28T08:07:00Z,2025-05-28T11:11:00Z,184.0,106,175.0,completed,27.3,0.0,ADM01
T00697,2025-05-28,S03,EXC006,excavator,OP1006,excavation,m3,155,rocky,0.0,2025-05-28T11:23:00Z,159,2025-05-28T11:22:00Z,2025-05-28T14:54:00Z,212.0,149,155.0,completed,31.0,0.0,ADM01
T00698,2025-05-28,S03,EXC006,excavator,OP1006,trenching,m3,100,rocky,0.0,2025-05-28T14:12:00Z,160,2025-05-28T15:02:00Z,,,96,54.7,partial,31.6,0.0,ADM01
T00699,2025-05-28,S01,WL001,wheel_loader,OP1007,stockpiling,m3,370,dry,0.0,2025-05-28T08:08:00Z,178,2025-05-28T08:08:00Z,2025-05-28T12:25:00Z,257.0,186,370.0,completed,34.9,0.0,ADM01
T00700,2025-05-28,S01,WL001,wheel_loader,OP1007,stockpiling,m3,250,dry,0.0,2025-05-28T12:01:00Z,120,2025-05-28T13:15:00Z,2025-05-28T16:30:00Z,195.0,133,250.0,completed,37.9,0.0,ADM01
T00701,2025-05-28,S01,WL001,wheel_loader,OP1007,stockpiling,m3,310,dry,0.0,2025-05-28T14:11:00Z,149,2025-05-28T16:39:00Z,,,12,22.7,partial,37.7,0.0,ADM01
T00702,2025-05-28,S03,WL002,wheel_loader,OP1008,stockpiling,m3,250,rocky,0.0,2025-05-28T08:08:00Z,120,2025-05-28T08:05:00Z,2025-05-28T10:23:00Z,138.0,105,250.0,completed,26.7,0.0,ADM01
T00703,2025-05-28,S03,WL002,wheel_loader,OP1008,truck_loading,m3,290,rocky,0.0,2025-05-28T11:03:00Z,174,2025-05-28T10:32:00Z,2025-05-28T14:54:00Z,262.0,170,290.0,completed,30.6,0.0,ADM01
T00704,2025-05-28,S03,WL002,wheel_loader,OP1008,stockpiling,m3,385,rocky,0.0,2025-05-28T14:07:00Z,185,2025-05-28T15:00:00Z,,,101,216.0,partial,31.6,0.0,ADM01
T00705,2025-05-28,S02,DZ001,dozer,OP1009,site_clearing,m2,845,wet,37.9,2025-05-28T08:08:00Z,152,2025-05-28T08:07:00Z,2025-05-28T11:01:00Z,174.0,165,845.0,completed,27.6,0.0,ADM01
T00706,2025-05-28,S02,DZ001,dozer,OP1009,grading,m2,1090,wet,37.9,2025-05-28T11:35:00Z,131,2025-05-28T11:12:00Z,2025-05-28T14:43:00Z,211.0,145,1090.0,completed,31.5,0.0,ADM01
T00707,2025-05-28,S02,DZ001,dozer,OP1009,spreading,m3,260,wet,37.9,2025-05-28T13:56:00Z,170,2025-05-28T14:48:00Z,,,110,161.2,partial,32.2,0.0,ADM01
T00708,2025-05-28,S03,DZ002,dozer,OP1010,site_clearing,m2,895,rocky,0.0,2025-05-28T08:08:00Z,161,2025-05-28T08:05:00Z,2025-05-28T11:12:00Z,187.0,134,895.0,completed,27.2,0.0,ADM01
T00709,2025-05-28,S03,DZ002,dozer,OP1010,grading,m2,1440,rocky,0.0,2025-05-28T11:44:00Z,173,2025-05-28T11:24:00Z,2025-05-28T15:16:00Z,232.0,146,1440.0,completed,31.1,0.0,ADM01
T00710,2025-05-28,S03,DZ002,dozer,OP1010,site_clearing,m2,1240,rocky,0.0,2025-05-28T14:47:00Z,223,2025-05-28T15:21:00Z,,,81,443.7,partial,31.6,0.0,ADM01
T00711,2025-05-28,S01,BH001,backhoe_loader,OP1011,backfilling,m3,100,dry,0.0,2025-05-28T08:08:00Z,206,2025-05-28T08:08:00Z,2025-05-28T11:52:00Z,224.0,189,100.0,completed,34.7,0.0,ADM01
T00712,2025-05-28,S01,BH001,backhoe_loader,OP1011,trenching,m3,55,dry,0.0,2025-05-28T12:29:00Z,198,2025-05-28T12:04:00Z,2025-05-28T16:28:00Z,264.0,191,55.0,completed,37.8,0.0,ADM01
T00713,2025-05-28,S02,BH002,backhoe_loader,OP1014,backfilling,m3,110,wet,37.9,2025-05-28T08:08:00Z,226,2025-05-28T08:07:00Z,2025-05-28T13:34:00Z,327.0,211,110.0,completed,28.9,0.0,ADM01
T00714,2025-05-28,S02,BH002,backhoe_loader,OP1014,trenching,m3,60,wet,37.9,2025-05-28T12:49:00Z,216,2025-05-28T13:38:00Z,,,172,49.8,partial,32.2,0.0,ADM01
T00715,2025-05-29,S01,EXC001,mini_excavator,OP1013,excavation,m3,45,dry,0.0,2025-05-29T08:08:00Z,216,2025-05-29T08:07:00Z,2025-05-29T11:25:00Z,198.0,178,45.0,completed,34.6,0.0,ADM01
T00716,2025-05-29,S01,EXC001,mini_excavator,OP1013,excavation,m3,30,dry,0.0,2025-05-29T12:39:00Z,144,2025-05-29T11:35:00Z,2025-05-29T14:38:00Z,183.0,118,30.0,completed,37.6,0.0,ADM01
T00717,2025-05-29,S01,EXC002,excavator,OP1002,excavation,m3,180,dry,0.0,2025-05-29T08:08:00Z,185,2025-05-29T08:06:00Z,2025-05-29T11:09:00Z,183.0,160,180.0,completed,34.4,0.0,ADM01
T00718,2025-05-29,S01,EXC002,excavator,OP1002,trenching,m3,120,dry,0.0,2025-05-29T12:08:00Z,192,2025-05-29T11:19:00Z,2025-05-29T15:47:00Z,268.0,179,120.0,completed,37.7,0.0,ADM01
T00719,2025-05-29,S02,EXC003,excavator,OP1003,truck_loading,m3,250,wet,16.9,2025-05-29T08:08:00Z,200,2025-05-29T08:05:00Z,2025-05-29T13:56:00Z,351.0,230,250.0,completed,30.5,3.2,ADM01
T00720,2025-05-29,S02,EXC003,excavator,OP1003,truck_loading,m3,240,wet,16.9,2025-05-29T12:23:00Z,192,2025-05-29T14:07:00Z,,,127,107.2,partial,35.2,0.0,ADM01
T00721,2025-05-29,S02,EXC004,electric_excavator,OP1004,truck_loading,m3,130,wet,16.9,2025-05-29T08:08:00Z,104,2025-05-29T08:07:00Z,2025-05-29T11:17:00Z,190.0,133,130.0,completed,28.6,3.1,ADM01
T00722,2025-05-29,S02,EXC004,electric_excavator,OP1004,excavation,m3,160,wet,16.9,2025-05-29T10:47:00Z,165,2025-05-29T11:24:00Z,,,200,146.1,partial,34.8,0.0,ADM01
T00723,2025-05-29,S02,EXC004,electric_excavator,OP1004,truck_loading,m3,250,wet,16.9,2025-05-29T13:42:00Z,200,,,,0,0.0,scheduled,,0.0,ADM01
T00724,2025-05-29,S01,EXC005,electric_mini_excavator,OP1005,trenching,m3,35,dry,0.0,2025-05-29T08:08:00Z,210,2025-05-29T08:08:00Z,2025-05-29T11:53:00Z,225.0,194,35.0,completed,34.8,0.0,ADM01
T00725,2025-05-29,S01,EXC005,electric_mini_excavator,OP1005,excavation,m3,25,dry,0.0,2025-05-29T12:33:00Z,120,2025-05-29T11:57:00Z,2025-05-29T15:29:00Z,212.0,117,25.0,completed,37.9,0.0,ADM01
T00726,2025-05-29,S01,EXC005,electric_mini_excavator,OP1005,trenching,m3,30,dry,0.0,2025-05-29T14:43:00Z,180,2025-05-29T15:33:00Z,,,62,9.5,partial,38.0,0.0,ADM01
T00727,2025-05-29,S03,EXC006,excavator,OP1006,truck_loading,m3,270,rocky,5.1,2025-05-29T08:08:00Z,216,2025-05-29T08:08:00Z,2025-05-29T13:42:00Z,334.0,167,270.0,completed,28.5,0.0,ADM01
T00728,2025-05-29,S03,EXC006,excavator,OP1006,trenching,m3,115,rocky,5.1,2025-05-29T12:39:00Z,184,2025-05-29T13:48:00Z,,,143,85.3,partial,31.2,9.5,ADM01
T00729,2025-05-29,S01,WL001,wheel_loader,OP1007,stockpiling,m3,265,dry,0.0,2025-05-29T08:08:00Z,127,2025-05-29T08:08:00Z,2025-05-29T10:39:00Z,151.0,104,265.0,completed,34.2,0.0,ADM01
T00730,2025-05-29,S01,WL001,wheel_loader,OP1007,stockpiling,m3,445,dry,0.0,2025-05-29T11:10:00Z,214,2025-05-29T10:49:00Z,2025-05-29T16:46:00Z,357.0,218,445.0,completed,37.6,0.0,ADM01
T00731,2025-05-29,S03,WL002,wheel_loader,OP1008,stockpiling,m3,390,rocky,5.1,2025-05-29T08:08:00Z,187,2025-05-29T08:08:00Z,2025-05-29T11:45:00Z,217.0,173,390.0,completed,27.6,0.0,ADM01
T00732,2025-05-29,S03,WL002,wheel_loader,OP1008,stockpiling,m3,380,rocky,5.1,2025-05-29T12:10:00Z,182,2025-05-29T11:57:00Z,2025-05-29T16:26:00Z,269.0,172,380.0,completed,31.4,7.5,ADM01
T00733,2025-05-29,S02,DZ001,dozer,OP1009,spreading,m3,205,wet,16.9,2025-05-29T08:08:00Z,134,2025-05-29T08:08:00Z,2025-05-29T11:00:00Z,172.0,140,205.0,completed,28.2,3.0,ADM01
T00734,2025-05-29,S02,DZ001,dozer,OP1009,site_clearing,m2,1250,wet,16.9,2025-05-29T11:17:00Z,225,2025-05-29T11:05:00Z,,,262,1198.7,partial,34.6,0.0,ADM01
T00735,2025-05-29,S03,DZ002,dozer,OP1006,spreading,m3,210,rocky,5.1,2025-05-29T08:08:00Z,137,2025-05-29T08:05:00Z,2025-05-29T10:26:00Z,141.0,106,210.0,completed,26.5,0.0,ADM01
T00736,2025-05-29,S03,DZ002,dozer,OP1006,site_clearing,m2,585,rocky,5.1,2025-05-29T10:35:00Z,105,2025-05-29T10:34:00Z,2025-05-29T12:18:00Z,104.0,96,585.0,completed,29.9,0.0,ADM01
T00737,2025-05-29,S03,DZ002,dozer,OP1006,site_clearing,m2,1205,rocky,5.1,2025-05-29T12:30:00Z,217,2025-05-29T12:24:00Z,2025-05-29T16:54:00Z,270.0,190,1205.0,completed,31.4,9.1,ADM01
T00738,2025-05-29,S01,BH001,backhoe_loader,OP1011,backfilling,m3,70,dry,0.0,2025-05-29T08:08:00Z,144,2025-05-29T08:05:00Z,2025-05-29T10:28:00Z,143.0,129,70.0,completed,34.0,0.0,ADM01
T00739,2025-05-29,S01,BH001,backhoe_loader,OP1011,backfilling,m3,100,dry,0.0,2025-05-29T11:27:00Z,206,2025-05-29T10:32:00Z,2025-05-29T14:41:00Z,249.0,182,100.0,completed,37.1,0.0,ADM01
T00740,2025-05-29,S02,BH002,backhoe_loader,OP1014,trenching,m3,50,wet,16.9,2025-05-29T08:08:00Z,180,2025-05-29T08:07:00Z,2025-05-29T12:10:00Z,243.0,203,50.0,completed,29.5,3.1,ADM01
T00741,2025-05-29,S02,BH002,backhoe_loader,OP1014,trenching,m3,45,wet,16.9,2025-05-29T12:03:00Z,162,2025-05-29T12:15:00Z,2025-05-29T16:49:00Z,274.0,159,45.0,completed,35.1,0.0,ADM01
T00742,2025-05-30,S01,EXC001,mini_excavator,OP1001,excavation,m3,30,dry,0.0,2025-05-30T08:08:00Z,144,2025-05-30T08:07:00Z,2025-05-30T11:06:00Z,179.0,134,30.0,completed,32.4,0.0,ADM01
T00743,2025-05-30,S01,EXC001,mini_excavator,OP1001,trenching,m3,35,dry,0.0,2025-05-30T11:27:00Z,210,2025-05-30T11:17:00Z,2025-05-30T16:17:00Z,300.0,199,35.0,completed,35.5,0.0,ADM01
T00744,2025-05-30,S01,EXC002,excavator,OP1002,trenching,m3,75,dry,0.0,2025-05-30T08:08:00Z,120,2025-05-30T08:07:00Z,2025-05-30T10:42:00Z,155.0,102,75.0,completed,32.2,0.0,ADM01
T00745,2025-05-30,S01,EXC002,excavator,OP1002,excavation,m3,145,dry,0.0,2025-05-30T11:03:00Z,149,2025-05-30T10:51:00Z,2025-05-30T14:14:00Z,203.0,121,145.0,completed,34.9,0.0,ADM01
T00746,2025-05-30,S01,EXC002,excavator,OP1002,excavation,m3,165,dry,0.0,2025-05-30T13:42:00Z,170,2025-05-30T14:24:00Z,,,139,153.9,partial,35.8,0.0,ADM01
T00747,2025-05-30,S02,EXC003,excavator,OP1003,trenching,m3,85,dry,3.5,2025-05-30T08:08:00Z,136,2025-05-30T08:08:00Z,2025-05-30T10:36:00Z,148.0,128,85.0,completed,27.2,0.0,ADM01
T00748,2025-05-30,S02,EXC003,excavator,OP1003,truck_loading,m3,135,dry,3.5,2025-05-30T10:34:00Z,108,2025-05-30T10:47:00Z,2025-05-30T14:01:00Z,194.0,112,135.0,completed,30.5,0.0,ADM01
T00749,2025-05-30,S02,EXC003,excavator,OP1003,excavation,m3,140,dry,3.5,2025-05-30T12:32:00Z,144,2025-05-30T14:08:00Z,2025-05-30T16:42:00Z,154.0,145,140.0,completed,31.8,0.0,ADM01
T00750,2025-05-30,S02,EXC004,electric_excavator,OP1004,truck_loading,m3,240,dry,3.5,2025-05-30T08:08:00Z,192,2025-05-30T08:05:00Z,2025-05-30T12:27:00Z,262.0,180,240.0,completed,28.4,0.0,ADM01
T00751,2025-05-30,S02,EXC004,electric_excavator,OP1004,excavation,m3,210,dry,3.5,2025-05-30T12:15:00Z,216,2025-05-30T13:19:00Z,,,113,115.3,partial,31.7,0.0,ADM01
T00752,2025-05-30,S01,EXC005,electric_mini_excavator,OP1005,excavation,m3,25,dry,0.0,2025-05-30T08:08:00Z,120,2025-05-30T08:06:00Z,2025-05-30T09:48:00Z,102.0,98,25.0,completed,31.7,0.0,ADM01
T00753,2025-05-30,S01,EXC005,electric_mini_excavator,OP1005,trenching,m3,35,dry,0.0,2025-05-30T11:03:00Z,210,2025-05-30T09:53:00Z,2025-05-30T14:53:00Z,300.0,186,35.0,completed,34.7,0.0,ADM01
T00754,2025-05-30,S03,EXC006,excavator,OP1006,truck_loading,m3,250,rocky,9.5,2025-05-30T08:08:00Z,200,2025-05-30T08:08:00Z,2025-05-30T12:21:00Z,253.0,167,250.0,completed,27.9,0.0,ADM01
T00755,2025-05-30,S03,EXC006,excavator,OP1006,trenching,m3,120,rocky,9.5,2025-05-30T12:23:00Z,192,2025-05-30T12:29:00Z,,,178,98.4,partial,31.4,0.0,ADM01
T00756,2025-05-30,S01,WL001,wheel_loader,OP1007,truck_loading,m3,315,dry,0.0,2025-05-30T08:08:00Z,189,2025-05-30T08:06:00Z,2025-05-30T13:23:00Z,317.0,201,315.0,completed,33.2,0.0,ADM01
T00757,2025-05-30,S01,WL001,wheel_loader,OP1007,truck_loading,m3,380,dry,0.0,2025-05-30T12:12:00Z,228,2025-05-30T13:30:00Z,,,146,234.7,partial,35.8,0.0,ADM01
T00758,2025-05-30,S02,DZ001,dozer,OP1009,grading,m2,1840,dry,3.5,2025-05-30T08:08:00Z,221,2025-05-30T08:05:00Z,2025-05-30T14:15:00Z,370.0,217,1840.0,completed,29.0,0.0,ADM01
T00759,2025-05-30,S02,DZ001,dozer,OP1009,spreading,m3,265,dry,3.5,2025-05-30T12:44:00Z,173,2025-05-30T14:26:00Z,,,121,200.2,partial,31.7,0.0,ADM01
T00760,2025-05-30,S03,DZ002,dozer,OP1010,site_clearing,m2,1060,rocky,9.5,2025-05-30T08:08:00Z,191,2025-05-30T08:07:00Z,2025-05-30T11:40:00Z,213.0,168,1060.0,completed,27.4,0.0,ADM01
T00761,2025-05-30,S03,DZ002,dozer,OP1010,grading,m2,1250,rocky,9.5,2025-05-30T12:14:00Z,150,2025-05-30T11:51:00Z,2025-05-30T15:40:00Z,229.0,143,1250.0,completed,31.2,0.0,ADM01
T00762,2025-05-30,S03,DZ002,dozer,OP1010,spreading,m3,170,rocky,9.5,2025-05-30T14:54:00Z,111,2025-05-30T15:47:00Z,,,64,120.4,partial,31.3,0.0,ADM01
T00763,2025-05-30,S01,BH001,backhoe_loader,OP1011,backfilling,m3,60,dry,0.0,2025-05-30T08:08:00Z,123,2025-05-30T08:08:00Z,2025-05-30T10:05:00Z,117.0,115,60.0,completed,31.9,0.0,ADM01
T00764,2025-05-30,S01,BH001,backhoe_loader,OP1011,backfilling,m3,105,dry,0.0,2025-05-30T11:06:00Z,216,2025-05-30T10:12:00Z,2025-05-30T15:15:00Z,303.0,190,105.0,completed,34.8,0.0,ADM01
T00765,2025-05-30,S02,BH002,backhoe_loader,OP1012,trenching,m3,50,dry,3.5,2025-05-30T08:08:00Z,180,2025-05-30T08:07:00Z,2025-05-30T11:02:00Z,175.0,153,50.0,completed,27.5,0.0,ADM01
T00766,2025-05-30,S02,BH002,backhoe_loader,OP1012,backfilling,m3,100,dry,3.5,2025-05-30T12:03:00Z,206,2025-05-30T11:10:00Z,2025-05-30T15:18:00Z,248.0,171,100.0,completed,31.2,0.0,ADM01
